name,release_date,genre,rating,game_id,playtime
Book of Yog,2020-01-01,Adventure,1.71,387292,1
Dictators: No Peace Countryballs,2020-01-01,Casual,3.79,418468,3
Gartic Phone,2020-01-01,Casual,4.24,593235,0
Dr Kawashima's Brain Training for Nintendo Switch,2020-01-03,Puzzle,3.57,382701,0
Adorable Home,2020-01-07,Strategy,3.75,407546,0
PROP AND SEEK,2020-01-07,Casual,3.27,393544,2
AO Tennis 2,2020-01-09,Sports,3.68,403043,5
Blood of Steel,2020-01-09,Strategy,2.93,392411,1
Soviet Jump Game,2020-01-09,Casual,3.14,427906,1
The White Door,2020-01-09,Indie,3.76,367112,3
Coloring Game 2,2020-01-10,Casual,3.61,421699,2
Love wish,2020-01-13,Casual,4.1,428139,3
Darwin Project,2020-01-14,Action,2.36,404502,0
Red Bow,2020-01-14,Casual,3.67,315985,2
Demolish & Build 2018,2020-01-15,Indie,3.18,44468,3
Lightmatter,2020-01-15,Indie,3.35,272427,2
Sands of Salzaar,2020-01-15,Indie,2.5,382755,3
Arknights,2020-01-16,Card,4.13,405280,0
Dragon Ball Z: Kakarot,2020-01-16,Action,3.7,327258,7
Dream League Soccer 2020,2020-01-16,Simulation,3.14,404516,0
Pascal's Wager,2020-01-16,Action,3.38,404527,0
Yakuza: Like a Dragon,2020-01-16,Action,4.33,369157,18
OMON Girl: Bottle Royal,2020-01-17,Adventure,2.0,405997,1
Ocean's Heart,2020-01-21,Indie,3.43,514895,1
Temtem,2020-01-21,Massively Multiplayer,3.51,59883,8
Wide Ocean Big Jacket,2020-01-21,Casual,4.33,406445,0
Commandos 2 - HD Remaster,2020-01-23,Strategy,3.44,327246,2
Kingdom Hearts III: Re Mind,2020-01-23,RPG,3.76,327224,0
The Walking Dead: Saints & Sinners,2020-01-23,Adventure,3.75,379453,2
Hentai Mosaique Neko Waifus,2020-01-26,Casual,3.0,428789,2
The Coma 2: Vicious Sisters,2020-01-27,Indie,3.45,364975,4
The Supper,2020-01-27,Casual,4.0,430237,0
Coffee Talk,2020-01-28,Casual,3.72,59796,4
"Cook, Serve, Delicious! 3?!",2020-01-28,Strategy,3.43,362860,3
Journey to the Savage Planet,2020-01-28,Adventure,3.65,274756,3
Kentucky Route Zero,2020-01-28,Indie,3.98,17010,1
Desktop Goose,2020-01-29,N/A,4.34,407764,0
ELDERBORN,2020-01-29,Indie,3.6,47466,2
Ministry of Broadcast,2020-01-29,Indie,3.53,238785,3
The Pedestrian,2020-01-29,Indie,4.08,15730,2
Through the Darkest of Times,2020-01-29,Educational,3.18,282882,2
Warcraft III: Reforged,2020-01-29,Strategy,2.27,261226,0
Warhammer Underworlds: Online,2020-01-29,Strategy,2.53,312668,1
Patapon 2 Remastered,2020-01-30,Action,3.92,407570,0
HyperDot,2020-01-31,Indie,3.26,351773,0
Tabou Stories,2020-01-31,RPG,4.33,408307,0
Alder's Blood Prologue,2020-02-04,Indie,1.87,407565,1
Moe Era,2020-02-04,Casual,3.5,375203,0
Zombie Army 4: Dead War,2020-02-04,Shooter,3.31,327208,4
KUNAI,2020-02-05,Indie,3.25,284756,2
Stoneshard,2020-02-05,Indie,3.7,22161,3
ScourgeBringer,2020-02-06,Indie,3.58,299569,2
The Indifferent Wonder of an Edible Place,2020-02-06,Casual,3.62,409784,1
Yokai's Secret,2020-02-06,Casual,3.62,427764,2
Last Evil,2020-02-07,Strategy,4.0,427988,4
Mask of Mists,2020-02-10,Adventure,4.0,412431,2
Metro Exodus: Sam's Story,2020-02-11,Shooter,3.98,378575,0
Yakuza 5 Remastered,2020-02-11,Action,4.24,411611,7
Azur Lane: Crosswave,2020-02-13,Shooter,2.62,396871,4
Being a DIK - Season 1,2020-02-13,Indie,4.29,385481,5
Dadish,2020-02-13,Casual,4.09,411643,0
Hatsune Miku Project Diva Mega39's,2020-02-13,Arcade,4.33,437058,0
LUNA The Shadow Dust,2020-02-13,Indie,3.75,62076,4
Wolcen: Lords of Mayhem,2020-02-13,Indie,3.32,11484,6
Dreams,2020-02-14,Adventure,4.14,50796,0
WARRIORS OROCHI 4 Ultimate,2020-02-14,Action,4.33,405275,0
Animal Revolt Battle Simulator,2020-02-17,Action,3.72,413719,3
CORRUPTION 2029,2020-02-17,Strategy,3.0,411598,0
Bayonetta & Vanquish 10th Anniversary Bundle,2020-02-18,Action,4.25,397470,0
The Suicide of Rachel Foster,2020-02-18,Casual,3.29,397471,3
Conglomerate 451,2020-02-19,Indie,2.88,304222,3
Hellpoint: The Thespian Feast,2020-02-19,Indie,3.09,428121,1
Taur,2020-02-19,Strategy,3.0,412474,2
WORLD OF HORROR,2020-02-19,Indie,4.22,61332,2
Creepy Tale,2020-02-20,Indie,3.62,415364,3
Democratic Socialism Simulator,2020-02-20,Casual,4.33,413230,0
Persona 5 Strikers,2020-02-20,Adventure,3.91,528768,10
Pretty Neko,2020-02-20,Casual,3.12,427484,2
DreadOut 2,2020-02-21,Indie,4.0,243206,3
Quantum League - Free Open Beta,2020-02-21,Strategy,1.71,427932,1
Infliction: Extended Cut,2020-02-24,Adventure,3.17,415192,0
No Time to Relax,2020-02-24,Casual,3.2,257358,2
Wasteland Remastered,2020-02-24,Strategy,2.67,407553,1
Broken Lines,2020-02-25,Strategy,3.23,325082,3
Dota Underlords,2020-02-25,Casual,3.03,327999,4
Max Gentlemen Sexy Business!,2020-02-25,Indie,3.5,427477,6
Mega Man Zero/ZX Legacy Collection,2020-02-25,Platformer,3.74,368994,4
Rune Factory 4 Special,2020-02-25,RPG,3.8,293455,11
BEAUTIFUL DESOLATION,2020-02-26,Casual,3.26,241146,2
Dungeon Defenders: Awakened,2020-02-26,Strategy,3.5,366851,3
Out of Space,2020-02-26,Strategy,3.39,259827,3
Thug Life Game,2020-02-26,Casual,4.24,415211,0
One Punch Man: A Hero Nobody Knows,2020-02-27,Action,2.29,397499,2
Barro F,2020-02-28,Casual,2.0,427532,4
Bloodroots,2020-02-28,Indie,3.44,62657,5
Risen Kingdom,2020-02-28,Strategy,3.12,428599,2
Builders of Egypt: Prologue,2020-03-01,Indie,1.88,416811,1
Sisterly Lust,2020-03-02,Indie,4.56,428353,14
Cloud Meadow,2020-03-03,Casual,3.88,427935,3
THE LONGING,2020-03-04,Indie,3.78,62238,5
Epic Battle Fantasy 5,2020-03-05,Strategy,4.14,61535,5
Holdfast: Nations At War,2020-03-05,Indie,3.24,11597,3
Murder by Numbers,2020-03-05,Indie,3.38,380862,5
"Yes, Your Grace",2020-03-05,Strategy,3.75,379556,4
Black Mesa,2020-03-06,Shooter,4.34,15426,6
Bombergrounds: Battle Royale,2020-03-06,Indie,3.38,350615,1
POLYGON,2020-03-06,Action,3.1,428357,1
Save Koch,2020-03-06,Indie,3.14,288781,2
Sizeable,2020-03-06,Casual,3.88,418297,2
NIGHT OF THE CONSUMERS,2020-03-07,Action,4.38,418164,0
The Escaper,2020-03-09,Adventure,3.57,430265,3
Call of Duty: Warzone,2020-03-10,Shooter,3.62,418467,0
Ori and the Will of the Wisps,2020-03-10,Platformer,4.47,28199,11
DJMAX RESPECT V,2020-03-11,Casual,3.61,428303,4
Bless Unleashed,2020-03-12,Massively Multiplayer,2.49,257203,2
Hidden Through Time,2020-03-12,Casual,3.73,418471,3
MY HERO ONE'S JUSTICE 2,2020-03-12,Action,2.82,407566,4
Alder's Blood,2020-03-13,Strategy,2.67,60409,1
Granblue Fantasy: Versus,2020-03-13,Action,3.51,353919,5
Nioh 2,2020-03-13,Action,4.0,58815,0
Roundguard,2020-03-13,Action,3.4,59869,2
State of Decay 2: Juggernaut Edition,2020-03-13,Shooter,3.48,412478,0
Exit the Gungeon,2020-03-16,Indie,3.61,375197,2
Super Bit Blaster XL,2020-03-16,Casual,2.44,376929,1
MLB The Show 20,2020-03-17,Sports,3.75,385533,0
Overpass(2020),2020-03-17,Racing,2.4,286536,1
There Is No Game: Jam Edition 2015,2020-03-18,Casual,3.8,428012,1
DOOM 64 (2020),2020-03-19,Shooter,3.68,420977,1
Tiny Bunny,2020-03-19,Indie,4.32,420000,4
Wanking Simulator,2020-03-19,Indie,3.83,316873,1
Animal Crossing: New Horizons,2020-03-20,Simulation,4.31,421698,0
DOOM Eternal,2020-03-20,Shooter,4.37,58777,12
Happy's Humble Burger Barn,2020-03-20,Indie,3.62,429647,1
Half-Life: Alyx,2020-03-23,Shooter,4.41,392019,5
Tuning Club Online,2020-03-23,Racing,4.0,423963,0
A Summer's End - Hong Kong 1986,2020-03-24,Casual,4.17,422202,2
Bleeding Edge,2020-03-24,Action,2.66,326233,2
Iron Danger,2020-03-24,Indie,2.69,62627,1
Paper Beast,2020-03-24,Casual,2.78,421711,1
Bright Memory,2020-03-25,Indie,3.52,59266,1
Biped,2020-03-26,Adventure,3.97,426094,3
Control: The Foundation,2020-03-26,Shooter,4.05,388313,0
Down the Rabbit Hole,2020-03-26,Adventure,3.88,437061,1
Family Mysteries: Poisonous Promises,2020-03-26,Casual,3.71,427942,4
Good Job!,2020-03-26,Action,3.48,422854,0
ONE PIECE: PIRATE WARRIORS 4,2020-03-26,Action,3.54,406002,6
Panzer Dragoon: Remake,2020-03-26,Shooter,2.5,327242,1
The Room VR: A Dark Matter,2020-03-26,Adventure,4.16,403002,3
Silent Hill P. T.,2020-03-27,N/A,4.42,423900,0
Automobilista 2,2020-03-31,Racing,3.6,323093,2
Call of Duty: Modern Warfare 2 Campaign Remastered,2020-03-31,Shooter,3.97,423944,0
Persona 5 Royal,2020-03-31,Adventure,4.75,339958,9
Sakura Succubus,2020-03-31,Casual,2.57,428052,2
The Complex,2020-03-31,Shooter,3.36,337023,2
West of Dead Beta,2020-03-31,Indie,3.18,428315,1
Dicast: Rules of Chaos,2020-04-01,Strategy,3.83,423970,0
Totally Reliable Delivery Service,2020-04-01,Indie,2.84,284674,1
In Other Waters,2020-04-02,Indie,3.54,62409,1
Resident Evil 3,2020-04-02,Shooter,4.02,397477,8
Talvisota - Winter War,2020-04-02,Massively Multiplayer,2.5,427621,1
Wanderlust: Transsiberian,2020-04-02,Casual,2.24,423950,1
Drug Dealer Simulator: Free Sample,2020-04-03,Casual,2.15,427445,1
Resident Evil: Resistance,2020-04-03,Action,2.18,373504,2
Zompiercer,2020-04-03,Indie,4.35,428390,1
Disaster Report 4: Summer Memories,2020-04-06,Adventure,3.38,426108,4
My Cute Roommate,2020-04-07,Indie,4.17,427566,4
Dreamscaper: Prologue,2020-04-08,Indie,2.67,428391,1
Sludge Life,2020-04-08,Indie,3.69,416034,1
Final Fantasy VII,2020-04-10,Adventure,4.37,259801,0
Fallout 76: Wastelanders,2020-04-14,Action,3.44,432477,0
Receiver 2,2020-04-14,Indie,4.0,428360,4
Someday You'll Return,2020-04-14,Indie,3.0,60342,15
Drug Dealer Simulator,2020-04-15,Indie,3.05,288681,4
Cyrano Story,2020-04-16,Indie,2.43,428960,1
Hero of the Kingdom: The Lost Tales 1,2020-04-16,Adventure,3.71,427870,4
Main Assembly,2020-04-16,Indie,3.0,359247,1
A Fold Apart,2020-04-17,Casual,3.89,64056,3
Coloring Game 3,2020-04-17,Casual,4.23,427972,3
No one lives under the lighthouse,2020-04-17,Indie,3.75,427946,3
SiNKR,2020-04-17,Casual,2.65,45614,2
Mutilate-a-Doll 2 (Free),2020-04-18,Simulation,4.24,431985,0
Spider-Man 2 (itch),2020-04-19,Adventure,3.67,431485,0
Help Will Come Tomorrow,2020-04-20,Strategy,3.48,367056,5
Knightly Passions [0.1a version] (Adult Game) 18+,2020-04-20,Adventure,4.67,435343,0
The Flower Collectors,2020-04-20,Indie,3.53,427639,2
The Shattering,2020-04-21,Indie,3.14,316003,3
Cha Cha Slide,2020-04-22,Simulation,4.44,432857,0
Cloudpunk,2020-04-22,Indie,3.75,262389,2
Filament,2020-04-22,Strategy,3.72,364954,2
ITTA,2020-04-22,Indie,3.67,61572,1
MotoGP 20,2020-04-23,Racing,3.5,413881,4
Picross S4,2020-04-23,Puzzle,4.25,428560,0
XCOM: Chimera Squad,2020-04-23,Strategy,3.47,428555,4
Predator: Hunting Grounds,2020-04-24,Shooter,2.34,319109,2
Swallow the Sea,2020-04-24,Casual,4.17,436825,0
Trials of Mana (2020),2020-04-24,Action,3.32,327244,6
Utawarerumono: Prelude to the Fallen (Remastered),2020-04-26,Strategy,3.25,425206,3
Knock Harder,2020-04-27,Adventure,4.0,349947,4
Gears Tactics,2020-04-28,Strategy,3.9,58762,7
Kill It With Fire: Ignition,2020-04-28,Casual,3.09,484832,1
Legends of Runeterra,2020-04-28,Card,3.64,383515,0
Manor Matters,2020-04-28,Simulation,4.0,438639,0
Moving Out,2020-04-28,Casual,3.61,275641,2
Samsara Room,2020-04-28,Indie,4.01,263537,2
SnowRunner,2020-04-28,Racing,3.98,368952,6
Dread Nautical,2020-04-29,Strategy,3.43,422855,2
Fancade,2020-04-29,Educational,4.33,449220,0
Lapse: A Forgotten Future,2020-04-29,Strategy,3.25,222825,0
Black Skylands: Origins,2020-04-30,Indie,2.43,484659,1
CHANGE: A Homeless Survival Experience,2020-04-30,Strategy,4.25,216308,3
Streets of Rage 4,2020-04-30,Indie,4.06,284664,4
Them's Fightin' Herds,2020-04-30,Indie,3.34,52337,2
yandere simulator,2020-05-01,Platformer,3.08,437144,0
Stay Alive - USSR,2020-05-03,N/A,4.33,439278,0
Black Book: Prologue,2020-05-05,Indie,3.29,440072,1
Population Zero,2020-05-05,Adventure,2.21,261219,1
Tonight We Riot,2020-05-05,Indie,2.14,17257,1
1v1.LOL,2020-05-06,Adventure,4.36,440114,0
Fury Unleashed,2020-05-07,Shooter,3.26,316860,0
Countryhumans - Dating Sim v0.8,2020-05-08,N/A,4.38,442721,0
Delores: A Thimbleweed Park Mini-Adventure,2020-05-08,Indie,2.5,450236,1
Helltaker,2020-05-11,Indie,3.97,445442,2
Jet Lancer,2020-05-11,Indie,3.73,277945,1
VirtuaVerse,2020-05-11,Indie,2.9,301549,1
HUNTDOWN,2020-05-12,Indie,4.34,28159,2
Island Saver,2020-05-12,Adventure,3.25,442869,2
Deep Rock Galactic,2020-05-13,Indie,4.07,9551,6
Higurashi When They Cry Hou - Ch.8 Matsuribayashi,2020-05-13,Adventure,4.42,427695,16
Super Mega Baseball 3,2020-05-13,Indie,3.5,428799,4
Hot Girl Summer Pool Party,2020-05-15,Adventure,3.33,445391,0
Those Who Remain,2020-05-15,Adventure,2.71,51978,4
Winding Worlds,2020-05-15,Casual,3.86,444381,0
a new life.,2020-05-15,Indie,4.08,444960,0
Cunt Wars,2020-05-18,RPG,4.13,446767,0
If Found...,2020-05-18,Casual,4.14,370204,2
Concept Destruction,2020-05-19,Racing,3.29,372588,0
Mafia II: Definitive Edition,2020-05-19,Adventure,3.86,442855,3
Mafia III: Definitive Edition,2020-05-19,Adventure,3.14,445430,1
Mafia: Trilogy,2020-05-19,Adventure,4.12,442852,0
Neversong,2020-05-19,Casual,3.1,445453,3
THE WONDERFUL 101: REMASTERED,2020-05-19,Adventure,3.83,437062,2
Umurangi Generation,2020-05-19,Casual,4.0,460519,2
shapez.io,2020-05-19,Puzzle,3.71,446323,2
Crucible Beta,2020-05-20,Action,1.79,484875,1
Monster Train,2020-05-20,Card,4.05,428208,7
Timelie,2020-05-20,Indie,3.8,370243,2
Total Tank Simulator,2020-05-20,Strategy,3.24,49333,1
Bullet Echo,2020-05-21,Adventure,4.25,446922,0
Crucible,2020-05-21,Action,1.62,461648,1
Embr,2020-05-21,Indie,2.89,308098,3
Five Nights at Freddy's: Help Wanted,2020-05-21,N/A,3.94,513072,2
Red Wings: Aces of the Sky,2020-05-21,Action,2.33,367179,1
Trailmakers,2020-05-21,Racing,3.33,22067,3
Estranged: The Departure,2020-05-22,Shooter,2.56,10454,1
Family Man,2020-05-22,Adventure,2.5,60594,1
Gunfire Reborn,2020-05-22,Shooter,3.96,449160,6
Maneater,2020-05-22,Indie,3.42,45109,4
Saints Row: The Third Remastered,2020-05-22,Adventure,3.69,426096,4
Dread X Collection,2020-05-25,Shooter,2.83,460925,2
Mario Maker 2,2020-05-25,Platformer,4.31,448839,0
Princess Calamity (Giantess),2020-05-25,N/A,3.57,448980,0
YOU and ME and HER: A Love Story,2020-05-25,Adventure,4.33,484497,3
Depanneur Nocturne,2020-05-26,Casual,4.33,490600,2
Desperados III Demo,2020-05-26,N/A,3.33,447829,2
Destroy All Humans! Demo,2020-05-26,N/A,2.7,447832,1
Minecraft: Dungeons,2020-05-26,Adventure,3.5,257195,0
Mortal Kombat 11: Aftermath,2020-05-26,Action,3.98,440080,0
The Elder Scrolls Online: Greymoor,2020-05-26,Massively Multiplayer,3.73,406950,0
Warface: Breakout,2020-05-26,Shooter,2.57,447797,0
Wildfire,2020-05-26,Indie,3.22,11061,3
Shantae and the Seven Sirens,2020-05-27,Platformer,3.45,366894,9
Poly Bridge 2,2020-05-28,Indie,3.88,428354,2
The Legend of Heroes: Trails to Azure,2020-05-28,RPG,4.5,651270,13
Honey Select 2- Libido,2020-05-29,Casual,4.43,517302,0
House of Detention,2020-05-29,Adventure,2.73,485041,2
The Night Fisherman,2020-05-29,Casual,4.17,450145,0
Xenoblade Chronicles: Definitive Edition,2020-05-29,RPG,4.26,371831,0
Peaky Blinders: Mastermind,2020-06-01,Indie,2.77,432527,1
RACING BROS,2020-06-01,N/A,2.11,450244,0
STRIDE,2020-06-01,Adventure,3.75,437041,1
Liberated,2020-06-02,Indie,2.88,304206,3
Valorant,2020-06-02,Shooter,3.47,415171,0
51 Worldwide Classics,2020-06-04,Casual,4.05,437046,0
Counter-Strike Source,2020-06-04,Action,3.0,450311,0
Mosaique Neko Waifus 2,2020-06-04,Casual,3.11,484917,2
The Light Remake,2020-06-04,Indie,3.83,449195,0
Command & Conquer Remastered Collection,2020-06-05,Strategy,4.17,419295,3
Remnants of Naezith,2020-06-05,Indie,3.3,11946,3
Half Life 2 (Nubiccod),2020-06-07,Shooter,3.67,451914,0
Sundered: Eldritch Edition,2020-06-07,Action,3.58,454247,0
West of Dead,2020-06-08,Indie,3.06,391395,1
Deck of Ashes,2020-06-09,Strategy,3.0,287373,2
Evan's Remains,2020-06-10,Indie,3.58,351436,2
Beyond Blue,2020-06-11,Adventure,3.71,62406,2
Mass Effect 3 N7 Digital Deluxe Edition,2020-06-11,Strategy,4.35,484913,1
Mass Effect: Andromeda Deluxe Edition,2020-06-11,Action,3.47,485010,4
SKYHILL: Black Mist,2020-06-11,Indie,2.33,311770,1
Fatum Betula,2020-06-12,Casual,4.2,455243,1
Little Orpheus,2020-06-12,Casual,3.45,480743,1
Unfortunate Spacemen,2020-06-12,Indie,2.86,9754,1
Bad Guys at School,2020-06-15,Casual,4.0,484946,2
Desperados III,2020-06-15,Strategy,4.3,59346,5
Jump Rope Challenge,2020-06-15,Casual,3.78,455583,0
Kidnapped Girl,2020-06-15,Casual,1.88,484982,0
Summer in Mara,2020-06-15,Indie,3.0,258398,3
Wordle,2020-06-15,Casual,4.0,490877,3
Barn Finders,2020-06-16,Casual,3.65,285666,7
Colt Canyon,2020-06-16,Indie,3.0,284763,4
Danger Scavenger,2020-06-16,Strategy,2.38,450231,2
Disintegration,2020-06-16,Shooter,2.76,339957,1
Neverinth,2020-06-17,Indie,1.86,278016,1
WAKING,2020-06-17,Indie,1.86,58770,1
ISEKAI QUEST,2020-06-19,Adventure,3.38,485062,4
The Last of Us Part II,2020-06-19,Shooter,4.42,51325,0
Hylics 2,2020-06-22,Adventure,4.25,459020,7
Melvor Idle,2020-06-23,Casual,3.72,469031,21
Mini Motor Racing X,2020-06-23,Racing,3.0,491003,1
Death Come True,2020-06-24,Adventure,2.92,459249,3
Holy Potatoes! What the Hell?!,2020-06-24,Casual,2.88,45923,4
Ninjala,2020-06-24,Action,3.44,347532,0
Anno 1404 - History Edition,2020-06-25,Strategy,3.57,461747,2
Anno 1701 - History Edition,2020-06-25,Strategy,3.0,534162,0
The Almost Gone,2020-06-25,Indie,3.37,359354,2
Espire 1: VR Operative,2020-06-30,Shooter,1.71,46907,1
Townscaper,2020-06-30,Casual,3.72,449164,1
TrackMania (2020),2020-07-01,Racing,3.59,426098,0
Marvel's Iron Man VR,2020-07-03,Shooter,3.5,304186,0
Baldi Basics Trap Out Of Control Created By TheWizardRoyal,2020-07-04,Educational,2.71,462248,0
Alvin and the DEATHMUNKS,2020-07-06,N/A,3.33,463651,0
siren head simulator (mr bonnie),2020-07-06,Simulation,4.67,463689,0
Ninja Kiwi Archive,2020-07-08,Casual,2.87,484894,1
Soda Dungeon 2,2020-07-08,Casual,3.65,372593,4
Wobbly Life,2020-07-08,Adventure,4.08,491187,3
NASCAR Heat 5,2020-07-09,Racing,3.17,460512,2
Bloodstained: Curse of the Moon 2,2020-07-10,Platformer,3.78,460404,3
Deadly Premonition 2: A Blessing in Disguise,2020-07-10,Adventure,2.67,371826,2
F1 2020,2020-07-10,Racing,3.6,428559,7
Furry Love,2020-07-10,Adventure,2.5,484837,4
SWORD ART ONLINE: Alicization Lycoris,2020-07-10,Adventure,2.62,397469,11
Devolverland Expo,2020-07-11,Indie,3.44,463727,1
Gacha Club Studio,2020-07-11,RPG,4.5,468711,0
The Baby in Yellow,2020-07-12,Indie,4.28,546559,1
Neon Abyss,2020-07-13,Platformer,3.41,302369,4
Orcs Must Die! 3,2020-07-13,Indie,3.71,366865,5
Rocket Arena,2020-07-13,Shooter,2.14,455599,2
Combat Arms: the Classic,2020-07-14,Adventure,3.0,485167,1
STORY OF SEASONS: Friends of Mineral Town,2020-07-14,Casual,3.94,469008,3
Before I Forget,2020-07-15,Casual,4.0,370286,1
Beyond a Steel Sky,2020-07-15,Indie,3.87,304182,4
Hunter's Arena: Legends,2020-07-15,Adventure,1.63,362901,1
Superhot: Mind Control Delete,2020-07-15,Indie,3.85,50677,2
Astrocreep: Invasion!,2020-07-17,Adventure,4.42,470905,0
Ghost of Tsushima,2020-07-17,Adventure,4.45,58550,0
Kill It With Fire: HEATWAVE,2020-07-17,Casual,2.88,485118,1
Necrobarista,2020-07-17,Indie,3.5,62783,1
Paper Mario: The Origami King,2020-07-17,Adventure,3.93,442866,0
One Slice of Lust,2020-07-19,N/A,4.3,470614,0
Into the Radius VR,2020-07-20,Action,4.11,290899,1
Panzer Paladin,2020-07-21,Adventure,3.29,428083,2
Rock of Ages 3: Make & Break,2020-07-21,Racing,3.25,364812,2
Vertigo Remastered,2020-07-21,Indie,2.86,485169,2
5D Chess With Multiverse Time Travel,2020-07-22,Indie,3.93,484951,1
Creaks,2020-07-22,Indie,3.85,257202,3
Cute Honey,2020-07-22,Casual,3.7,484835,1
Carrion,2020-07-23,Indie,3.86,249954,4
Hello Neighbor 2 Alpha 1,2020-07-23,Indie,2.79,484950,1
Jets'n'Guns 2,2020-07-24,Indie,4.31,268409,2
SUCCUBUS: Prologue,2020-07-24,Indie,2.17,484886,1
Fetish Locator Week One - Extended Edition,2020-07-27,Casual,4.4,485119,3
Idle Slayer,2020-07-27,Casual,3.46,491512,4
Othercide,2020-07-27,Strategy,3.29,216357,2
The Simpsons Simpvill V0.41,2020-07-27,N/A,3.55,474894,0
Toilet Management Simulator,2020-07-27,Simulation,3.88,485015,5
Travellers Rest,2020-07-27,Adventure,3.62,367125,3
Ageless,2020-07-28,Indie,2.44,427882,3
Destroy All Humans! (2020),2020-07-28,Shooter,3.48,326219,0
Guardian Tales,2020-07-28,Adventure,4.22,473557,0
Maid of Sker,2020-07-28,Indie,3.03,259883,4
Proud Father,2020-07-28,N/A,4.38,474499,0
Siren Head: Stranded,2020-07-28,N/A,4.0,474581,0
Skater XL,2020-07-28,Indie,3.35,272509,2
Wind Peaks,2020-07-28,Casual,3.43,491541,1
Banners of Ruin,2020-07-29,Card,3.0,475071,3
Fairy Tail,2020-07-29,Adventure,2.71,395968,9
House on the Hill,2020-07-29,Indie,3.65,485109,2
Fae Tactics,2020-07-30,Strategy,2.95,274849,1
Fight Crab,2020-07-30,Indie,3.67,428882,1
Hellpoint,2020-07-30,Indie,2.74,22123,3
Ravenfield Build 19,2020-07-30,Racing,4.0,473682,0
D.R.O.N.E. The Game,2020-08-01,Racing,2.35,270730,1
Frog Fractions: Game of the Decade Edition,2020-08-02,Adventure,3.96,479634,1
Relicta,2020-08-03,Indie,2.71,236851,1
Fall Guys: Ultimate Knockout,2020-08-04,Action,3.74,326292,5
Hellbound,2020-08-04,Indie,2.25,49909,1
Littlewood,2020-08-04,Casual,3.65,288671,4
Skully,2020-08-04,Adventure,2.2,473484,1
The Riftbreaker: Prologue,2020-08-04,Adventure,3.55,481889,1
Fast & Furious Crossroads,2020-08-05,Racing,1.46,398418,6
There Is No Game: Wrong Dimension,2020-08-05,Casual,4.35,484828,5
3 out of 10: Season One,2020-08-06,Adventure,2.88,566671,0
Eternal Hope,2020-08-06,Indie,3.33,382761,2
Post Void,2020-08-06,Shooter,3.77,479671,1
UnderMine,2020-08-06,Indie,3.82,45972,5
City of Broken Dreamers: Book One,2020-08-07,Indie,3.85,485151,3
Company of Crime,2020-08-07,Strategy,2.33,427831,9
Hyper Scape,2020-08-11,Shooter,2.53,461649,0
Metamorphosis,2020-08-11,Indie,3.11,297286,3
Risk of Rain 2,2020-08-11,Shooter,4.15,263590,8
Ever Forward,2020-08-12,Casual,2.75,427873,3
Popup Dungeon,2020-08-12,Strategy,2.57,51690,3
ZERO HOUR(2020),2020-08-12,Strategy,3.67,481898,0
Boomerang Fu,2020-08-13,Indie,3.83,257377,4
Dying Light - Hellraid,2020-08-13,Shooter,2.82,473483,0
FNaF: Running in the 80's - FNaF Fan-Game,2020-08-13,N/A,4.67,479764,0
For the People,2020-08-13,Strategy,3.17,481886,0
Hellraid,2020-08-13,Action,2.5,20825,0
Kill It With Fire,2020-08-13,Casual,3.33,427733,2
Parkasaurus,2020-08-13,Simulation,3.5,50370,3
The Alto Collection,2020-08-13,Arcade,3.65,479697,0
Eastern Exorcist,2020-08-14,Adventure,3.43,598865,0
Factorio,2020-08-14,Casual,4.36,10926,19
Radio Commander,2020-08-14,Strategy,3.19,61717,3
Samurai Jack: Battle Through Time,2020-08-14,Adventure,3.3,415180,3
UFC 4,2020-08-14,Sports,3.61,463733,0
Monsters of Little Haven,2020-08-15,Indie,3.56,326260,2
Gacha Club,2020-08-16,Casual,4.34,460573,0
Helheim Hassle,2020-08-18,Indie,4.12,428894,9
Men Bang,2020-08-18,Casual,3.67,484677,1
Microsoft Flight Simulator 2020,2020-08-18,Simulation,4.16,326238,18
Mortal Shell,2020-08-18,Action,3.28,423947,3
Raji: An Ancient Epic,2020-08-18,Indie,3.2,47594,4
Spiritfarer,2020-08-18,Indie,4.13,326236,5
Wrapper Offline (MEGA),2020-08-18,N/A,4.5,482570,0
Siege Survival: Gloria Victis Prologue,2020-08-19,Adventure,3.1,484881,1
Battletoads (2020),2020-08-20,Platformer,3.41,58763,0
Crab Champions,2020-08-20,Racing,4.11,427608,4
Dread X Collection 2,2020-08-20,Indie,3.29,484901,4
Phoenotopia: Awakening,2020-08-20,Adventure,3.7,536891,2
Roboquest,2020-08-20,Indie,3.76,484852,3
Train Sim World 2,2020-08-20,Racing,3.63,481917,6
PGA TOUR 2K21,2020-08-21,Simulation,3.45,442864,3
Perfect Vermin,2020-08-21,Action,4.12,484223,0
Streamer Life Simulator,2020-08-21,Adventure,2.93,485166,3
Road Bustle,2020-08-22,Casual,1.75,482923,0
Cyber Manhunt,2020-08-23,Indie,3.8,485092,4
Madden NFL 21,2020-08-25,Strategy,2.31,437050,5
No Straight Roads,2020-08-25,Action,3.52,328676,0
SHEEPO,2020-08-25,Casual,3.71,427998,4
Forest of the Blue Skin,2020-08-26,Action,4.33,743469,0
Milk inside a bag of milk inside a bag of milk,2020-08-26,Indie,3.95,484842,1
Mosaique Neko Waifus 3,2020-08-26,Casual,3.22,485095,3
My Exercise,2020-08-26,Racing,3.78,485104,1
Captain Tsubasa: Rise of New Champions,2020-08-27,Casual,3.25,471034,3
Control Ultimate Edition,2020-08-27,Shooter,4.32,479695,4
Control: AWE,2020-08-27,Shooter,3.89,388314,0
Final Fantasy Crystal Chronicles Remastered Edition,2020-08-27,Action,2.73,313733,0
Gladiator Guild Manager: Prologue,2020-08-27,Strategy,2.7,484813,1
Immortal Realms: Vampire Wars,2020-08-27,Strategy,3.12,326297,3
Mr. Prepper: Prologue,2020-08-27,Indie,3.23,492017,1
Project CARS 3,2020-08-27,Racing,3.09,450238,3
Shing!,2020-08-27,Arcade,2.18,350787,1
Struggling,2020-08-27,Casual,3.07,295090,2
Surgeon Simulator 2,2020-08-27,Casual,2.25,398416,2
Tell Me Why,2020-08-27,Adventure,3.22,391399,2
The Last Campfire,2020-08-27,Indie,4.11,274670,3
Windbound,2020-08-27,Indie,3.15,428178,2
A Long Way Down,2020-08-28,Indie,3.29,60587,2
Nexomon: Extinction,2020-08-28,Indie,3.94,444384,3
Night of the Dead,2020-08-28,Indie,2.27,485191,2
Our Life: Beginnings & Always,2020-08-28,Casual,3.88,368145,1
Wasteland 3,2020-08-28,Strategy,4.06,295020,6
Henry Stickmin Collection - Full Game,2020-08-29,Strategy,4.57,487569,0
Iron Harvest,2020-08-31,Strategy,3.28,52340,2
Ary and the Secret of Seasons,2020-09-01,Indie,3.57,216311,9
Crusader Kings III,2020-09-01,Strategy,4.32,384567,10
Super Bomberman R Online,2020-09-01,Casual,3.0,487911,1
Ultrakill,2020-09-02,Indie,4.38,428741,2
Diabotical,2020-09-03,Shooter,3.11,489291,0
Paradise Killer,2020-09-03,Indie,3.81,428966,4
Spellbreak,2020-09-03,Adventure,2.93,295018,1
NBA 2K21,2020-09-04,Simulation,3.2,452647,18
Tony Hawk's Pro Skater 1 + 2,2020-09-04,Arcade,4.29,442847,0
WRC 9 FIA World Rally Championship,2020-09-04,Racing,3.81,442841,1
Escape Room - Der kranke Kollege,2020-09-05,Casual,2.74,490449,2
Just Fights & Beats,2020-09-06,N/A,4.39,489511,0
Kingdoms of Amalur: Re-Reckoning,2020-09-08,Adventure,3.38,450239,4
Necromunda: Underhive Wars,2020-09-08,Strategy,2.6,257207,2
Progressbar95,2020-09-08,Casual,4.33,492269,2
Star Renegades,2020-09-08,Strategy,3.38,62381,3
As Far As The Eye,2020-09-09,Strategy,2.76,384504,3
The Outer Worlds: Peril on Gorgon,2020-09-09,Shooter,3.76,471032,0
A Monster's Expedition,2020-09-10,Adventure,3.87,425200,2
Hotshot Racing,2020-09-10,Racing,3.26,428033,1
Sexual Void,2020-09-10,Casual,3.25,490436,1
Vampire: The Masquerade - Shadows of New York,2020-09-10,Indie,3.15,430275,3
Inertial Drift,2020-09-11,Racing,2.95,427878,2
Lust Theory,2020-09-13,Casual,4.17,748425,0
Vaporum: Lockdown,2020-09-14,Indie,3.29,387248,3
BPM: BULLETS PER MINUTE,2020-09-15,Indie,3.7,438599,2
Spelunky 2,2020-09-15,Platformer,3.86,59613,3
eFootball PES 2021,2020-09-15,Sports,3.8,485195,5
Medieval Dynasty,2020-09-16,Adventure,3.47,367081,6
Wingspan,2020-09-16,Casual,3.6,362874,2
Baldi's BASICS Plus Android,2020-09-17,N/A,4.44,494664,0
Hades,2020-09-17,Indie,4.46,274755,9
PAPER TANKS,2020-09-17,Adventure,4.0,428180,0
The Dungeon Of Naheulbeuk: The Amulet Of Chaos,2020-09-17,RPG,3.26,449165,1
Crysis Remastered,2020-09-18,Shooter,3.2,428564,2
Phasmophobia,2020-09-18,Indie,3.88,427930,6
Super Mario 3D All-Stars,2020-09-18,Platformer,3.88,487914,0
WWE 2K Battlegrounds,2020-09-18,Action,2.48,437042,1
Henry Stickmin Collection,2020-09-19,Action,4.0,496132,0
Songs of Syx,2020-09-20,Strategy,4.0,376962,5
SCP - 3008,2020-09-21,Indie,4.25,497718,0
When The Past Was Around,2020-09-21,Casual,3.8,380836,2
Tennis World Tour 2,2020-09-22,Simulation,2.83,485079,2
Cyber Hook,2020-09-23,Platformer,3.61,367183,1
Darksburg,2020-09-23,Indie,2.83,275703,1
Squad,2020-09-23,Shooter,3.89,9894,7
Unrailed!,2020-09-23,Casual,3.59,308132,3
art of rally,2020-09-23,Racing,3.34,319120,1
Going Under,2020-09-24,Indie,3.76,379486,2
Janosik,2020-09-24,Casual,3.17,497976,1
Port Royale 4,2020-09-24,Strategy,2.43,366893,5
RollerCoaster Tycoon 3: Complete Edition,2020-09-24,Strategy,2.77,496757,1
Root,2020-09-24,Strategy,3.6,544024,3
Serious Sam 4,2020-09-24,Shooter,3.22,58540,5
free fire,2020-09-24,N/A,3.33,496959,0
Mafia: Definitive Edition,2020-09-25,Adventure,4.22,442854,9
Propagation VR,2020-09-25,Action,3.0,497993,1
Genshin Impact,2020-09-28,Adventure,3.55,401805,0
Until You Fall,2020-09-29,Indie,3.57,349334,1
Drake Hollow,2020-09-30,Indie,3.46,391400,3
Mr.Mine,2020-09-30,Casual,2.71,496696,2
Rogue Company,2020-09-30,Shooter,3.12,371832,2
Table Manners,2020-09-30,Strategy,2.38,376982,1
Super Mario Bros. 35,2020-10-01,Platformer,3.8,487915,0
Train Station Renovation,2020-10-01,Casual,3.36,62069,2
9 Monkeys of Shaolin: Prologue,2020-10-02,Indie,3.33,500632,1
Star Wars: Squadrons,2020-10-02,Action,3.18,455532,3
A Game of Thrones: The Board Game - Digital Edition,2020-10-05,Strategy,3.4,502191,1
Action Taimanin,2020-10-05,Adventure,3.4,502171,1
Foregone,2020-10-05,Indie,3.58,302881,2
Friday Night Funkin',2020-10-05,N/A,4.21,503378,0
MAD FUT 21 Draft & Pack Opener,2020-10-05,Simulation,3.86,502266,0
RIDE 4,2020-10-05,Racing,3.24,484967,3
FIFA 21,2020-10-06,Simulation,3.24,437049,11
Nickelodeon Kart Racers 2: Grand Prix,2020-10-06,Casual,3.33,481924,2
The Solitaire Conspiracy,2020-10-06,Card,3.56,502138,2
Ikenfell,2020-10-07,Indie,3.15,62419,1
Syberia: The World Before - Prologue,2020-10-07,Adventure,3.7,502238,1
Virtual Cottage,2020-10-07,Casual,4.0,502212,1
112 Operator,2020-10-08,Strategy,3.63,292944,3
I Am Dead,2020-10-08,Indie,3.57,419890,1
Neighbours back From Hell,2020-10-08,Adventure,4.25,502241,3
The Uncertain: Episode 2 - Light At The End,2020-10-08,Indie,3.14,244877,4
The Uncertain: Light At The End,2020-10-08,Adventure,2.93,413099,38
Ben 10: Power Trip,2020-10-09,Adventure,2.65,477316,1
Sara's School Life,2020-10-09,N/A,3.64,505710,0
The Survivalists,2020-10-09,Indie,3.2,397481,3
Batbarian: Testament of the Primordials,2020-10-12,Adventure,3.75,494485,9
Cats Organized Neatly,2020-10-12,Casual,4.08,505816,2
Shoot Shoot My Waifu,2020-10-12,Casual,4.67,505805,2
Cube Escape Collection,2020-10-13,Indie,4.37,505839,4
Remothered: Broken Porcelain,2020-10-13,Adventure,2.0,366891,4
Torchlight III,2020-10-13,Adventure,2.89,407547,4
Leisure Suit Larry - Wet Dreams Dry Twice,2020-10-14,Adventure,3.21,493449,9
Partisans 1941,2020-10-14,Strategy,3.41,309738,4
Ring of Pain,2020-10-14,Strategy,3.67,290085,3
Vigil: The Longest Night,2020-10-14,Indie,3.81,286581,5
Yogurt!,2020-10-14,Casual,3.25,505873,1
Age of Empires III: Definitive Edition,2020-10-15,Strategy,3.72,499264,3
Aquanox Deep Descent,2020-10-15,Action,1.92,9899,1
Armor of Heroes,2020-10-15,Action,1.75,505918,1
Lucifer Within Us,2020-10-15,Indie,4.33,327220,5
Noita,2020-10-15,Adventure,4.03,61694,3
Promesa,2020-10-15,Indie,3.33,505917,0
Space Crew,2020-10-15,Adventure,2.17,43004,3
The Jackbox Party Pack 7,2020-10-15,Casual,4.33,505871,3
The Signifier,2020-10-15,Indie,4.11,421697,6
9 Monkeys of Shaolin,2020-10-16,Indie,3.58,61218,2
Crown Trick,2020-10-16,Indie,3.55,322240,3
Endless Zone,2020-10-16,Action,2.0,507151,1
G String,2020-10-16,Indie,3.75,507203,2
In Silence,2020-10-16,Action,3.44,507192,3
Mario Kart Live: Home Circuit,2020-10-16,Racing,4.3,487917,0
NHL 21,2020-10-16,Sports,3.29,471033,0
Streets of Kamurocho,2020-10-17,Action,2.65,507152,1
Golden Axed: A Cancelled Prototype,2020-10-18,Action,2.49,507154,1
Amnesia: Rebirth,2020-10-20,Indie,3.38,427519,5
Doom Eternal: The Ancient Gods - Part One,2020-10-20,Shooter,4.16,479677,0
Perilous Warp,2020-10-20,Indie,3.0,484847,3
Tenderfoot Tactics,2020-10-21,Indie,3.43,308096,4
Asterix & Obelix XXL: Romastered,2020-10-22,Adventure,3.82,493453,2
Badlanders,2020-10-22,Strategy,2.71,510215,1
Disc Room,2020-10-22,Indie,3.68,427971,2
GONNER2,2020-10-22,Indie,3.3,481901,2
Ghostrunner Demo,2020-10-22,N/A,3.65,510061,1
Monster Prom 2: Monster Camp,2020-10-22,Indie,4.25,370143,3
Murder House,2020-10-22,Indie,4.25,511453,1
Zelter,2020-10-22,Indie,2.75,484520,1
Penko Park,2020-10-23,Indie,4.29,522979,2
Pumpkin Jack,2020-10-23,Indie,3.69,72757,3
TRANSFORMERS: BATTLEGROUNDS,2020-10-23,Strategy,2.5,498018,1
GDevelop Online Multiplayer Game Template,2020-10-24,N/A,4.08,510793,0
My L'manburg [Dream SMP fangame],2020-10-24,N/A,4.14,510699,0
Carto,2020-10-26,Indie,3.9,270721,3
Hammerting,2020-10-26,Strategy,1.77,323081,4
Ghostrunner,2020-10-27,Action,3.85,366850,3
League of Legends: Wild Rift,2020-10-27,Strategy,3.82,383516,0
Transient,2020-10-27,Indie,3.3,323076,3
Xuan-Yuan Sword VII,2020-10-27,RPG,3.57,610218,9
Dead Estate,2020-10-29,Indie,3.75,511723,1
Tukoni,2020-10-29,Adventure,4.3,511805,0
Watch Dogs: Legion,2020-10-29,Shooter,3.09,324992,3
Cinco Noches Donde Alfredo (FNAF Hecho en 24 Horas),2020-10-30,N/A,4.33,514558,0
NHL 94 REWIND,2020-10-30,Sports,3.12,513070,0
Pikmin 3 Deluxe,2020-10-30,Strategy,4.11,487913,0
South of the Circle,2020-10-30,Adventure,3.89,530503,2
Stirring Abyss,2020-10-30,Indie,4.0,493461,2
The Dark Pictures Anthology: Little Hope,2020-10-30,Adventure,3.75,369158,6
Visage,2020-10-30,Indie,3.37,244869,3
Deadswitch 3,2020-10-31,Shooter,3.38,513920,1
"Friday Night Funkin' (ninjamuffin99, PhantomArcade)",2020-11-01,Action,4.22,513604,0
Taming.io,2020-11-01,N/A,3.89,513456,0
Door Kickers 2: Task Force North,2020-11-03,Strategy,4.71,333205,0
SpellForce 3: Fallen God,2020-11-03,Strategy,3.4,452607,1
SpellForce 3: Versus Edition,2020-11-03,Strategy,2.35,514890,2
DYSMANTLE,2020-11-05,Adventure,3.83,284700,8
DiRT 5,2020-11-06,Racing,3.23,440079,2
Need for Speed: Hot Pursuit Remastered,2020-11-06,Action,3.55,502117,3
PAW Patrol Mighty Pups Save Adventure Bay,2020-11-06,Family,3.15,508546,2
ColdSide,2020-11-07,Indie,3.83,492040,4
Legends of Idleon MMO,2020-11-09,RPG,3.1,532482,2
Assassin's Creed Valhalla,2020-11-10,Adventure,3.75,437059,3
Destiny 2: Beyond Light,2020-11-10,Shooter,3.79,452619,0
Devil May Cry 5 Special Edition,2020-11-10,Adventure,4.13,516113,0
Fuser,2020-11-10,Casual,3.81,416036,4
Observer: System Redux,2020-11-10,Adventure,4.1,442839,1
Sakuna: Of Rice and Ruin,2020-11-10,Platformer,3.81,255825,3
Tetris Effect: Connected,2020-11-10,Casual,4.2,471027,3
The Falconeer,2020-11-10,Indie,2.74,389851,2
XIII - Remake,2020-11-10,Shooter,2.0,379605,2
Astro's Playroom,2020-11-12,Platformer,4.35,452646,0
Bugsnax,2020-11-12,Casual,3.53,452657,4
Demon's Souls (2020),2020-11-12,Action,4.5,452648,0
Godfall,2020-11-12,Action,2.49,398402,0
Just Dance 2021,2020-11-12,Casual,3.69,484498,0
MO:Astray,2020-11-12,Indie,3.7,367176,2
Marvel's Spider-Man Remastered,2020-11-12,Casual,4.44,663742,11
Marvel's Spider-Man: Miles Morales,2020-11-12,Adventure,4.32,452634,7
Overcooked! All You Can Eat,2020-11-12,Action,4.15,517399,4
Sackboy: A Big Adventure,2020-11-12,Platformer,4.09,499331,3
The Pathless,2020-11-12,Indie,3.88,274766,2
Call of Duty: Black Ops Cold War,2020-11-13,Shooter,3.76,481910,9
Kingdom Hearts: Melody of Memory,2020-11-13,Family,3.82,484501,0
Mars Horizon,2020-11-16,Strategy,3.43,63393,6
Phantom Brigade,2020-11-16,Strategy,3.89,61235,9
Five Dates,2020-11-17,Casual,3.19,520350,3
Mortal Kombat 11 Ultimate,2020-11-17,Action,4.06,520359,0
My Name is Mayo 2,2020-11-17,Simulation,3.27,520354,0
Serious Sam Collection,2020-11-17,Shooter,4.1,412464,0
Bridge Constructor: The Walking Dead,2020-11-18,Simulation,2.31,517383,3
BloodRayne 2: Terminal Cut,2020-11-19,Action,3.35,514900,3
BloodRayne: Terminal Cut,2020-11-19,Action,3.31,514899,2
Poker Club,2020-11-19,Casual,4.5,490413,9
Trine 4: Melody of Mystery,2020-11-19,Platformer,3.67,522976,0
BustyBiz,2020-11-20,Casual,2.8,523065,1
Hyrule Warriors: Age of Calamity,2020-11-20,Adventure,3.88,490417,0
Football Manager 2021,2020-11-23,Strategy,4.11,514894,48
World of Warcraft: Shadowlands,2020-11-23,Massively Multiplayer,3.34,388315,0
NEKOPARA Vol. 4,2020-11-26,Adventure,3.64,523169,4
Tainted Grail,2020-11-27,Card,3.32,403795,2
Babylirious,2020-11-28,Simulation,4.44,524977,0
Project Wingman,2020-11-30,Indie,3.95,319132,2
The Life and Suffering of Sir Brante - Chapter 1 & 2,2020-11-30,Adventure,3.88,566660,2
Chickens On The Road,2020-12-01,Casual,2.12,525684,0
Chronos: Before the Ashes,2020-12-01,Adventure,2.94,490428,3
Empire of Sin,2020-12-01,Strategy,2.78,327238,6
Modern Warships,2020-12-01,Action,3.92,525548,0
Twin Mirror,2020-12-01,Adventure,3.29,58725,6
Worms Rumble,2020-12-01,Shooter,2.63,460524,1
Creeper World 4,2020-12-02,Action,4.17,285673,7
Sam & Max Save The World - Remastered,2020-12-02,Adventure,3.67,517303,0
Fitness Boxing 2: Rhythm & Exercise,2020-12-03,Family,4.17,536890,0
Haven,2020-12-03,Adventure,3.51,295015,0
Immortals: Fenyx Rising,2020-12-03,Adventure,3.75,487910,3
Morbid: The Seven Acolytes,2020-12-03,Indie,3.29,455566,1
PHOGS!,2020-12-03,Adventure,3.16,244699,3
Per Aspera,2020-12-03,Strategy,3.73,327210,5
Phoenix Point: Year One Edition,2020-12-03,Strategy,3.13,522982,4
Submerged: Hidden Depths,2020-12-03,Adventure,3.75,769960,0
CRSED,2020-12-04,Action,2.36,532522,0
Leaf Blower Revolution - Idle Game,2020-12-04,Casual,3.38,527422,5
Suzerain,2020-12-04,Educational,3.82,294128,6
The Corridor,2020-12-04,Indie,4.09,527450,1
Anemoiapolis: Chapter 1 (Beta - Windows),2020-12-05,Puzzle,3.2,528249,0
eFootball PES 2021 LITE,2020-12-06,Sports,3.56,527465,0
Call of the Sea,2020-12-08,Casual,3.65,440083,4
Marble Age: Remastered,2020-12-08,Strategy,4.0,566663,4
Monster Sanctuary,2020-12-08,Indie,3.55,62359,3
Puyo Puyo Tetris 2,2020-12-08,Casual,3.88,484505,3
College Kings,2020-12-09,Casual,3.68,528725,2
Orwell's Animal Farm,2020-12-09,Strategy,3.0,481892,3
Unto The End,2020-12-09,Indie,3.16,29243,1
Cyberpunk 2077,2020-12-10,Adventure,4.13,41494,25
Doraemon: Nobita Resident Evil 2 english,2020-12-10,Action,4.33,529154,0
Medal of Honor: Above and Beyond,2020-12-10,Shooter,2.6,484696,3
Morkredd,2020-12-10,Indie,3.12,528657,4
Alba: A Wildlife Adventure,2020-12-11,Casual,4.21,471019,3
Cloud Climber,2020-12-11,Casual,3.29,528836,1
Shady Part of Me,2020-12-11,Indie,4.12,359267,4
The Henry Stickmin Collection,2020-12-11,Casual,4.2,349439,3
The Procession to Calvary,2020-12-11,Indie,4.21,313748,1
Calico,2020-12-14,Casual,3.05,375223,1
Point Taker,2020-12-14,Platformer,4.32,533740,0
BOMJMAN,2020-12-15,Indie,4.14,349598,2
Gears 5: Hivebusters,2020-12-15,Shooter,3.81,534163,0
Airborne Kingdom,2020-12-17,Strategy,3.58,295068,2
Ragnarock,2020-12-17,Casual,2.83,532487,1
JARS,2020-12-21,Platformer,3.0,651267,4
Zup! Z,2020-12-21,Casual,3.67,535589,2
Hello Guest: Hello Neighbor 2 pre-alpha,2020-12-22,Indie,2.62,535641,1
Super Meat Boy Forever,2020-12-23,Platformer,2.34,46153,1
OMORI,2020-12-25,Casual,4.33,244700,6
RUSSIAPHOBIA,2020-12-25,Adventure,2.0,536941,1
Bloons FPS,2020-12-27,Shooter,3.86,537124,0
NERTS! Online,2021-01-05,Casual,2.67,540031,1
Press Any Button,2021-01-07,Casual,3.6,540023,0
Grown-Up Titans ( Teen Titans),2021-01-08,N/A,4.67,542349,0
Luck be a Landlord,2021-01-08,Strategy,3.92,541282,4
Dom Rusalok,2021-01-10,Adventure,3.86,541732,0
Farm Manager 2021: Prologue,2021-01-14,Strategy,2.86,542592,1
Sunlight,2021-01-14,Indie,4.12,542682,1
hexceed,2021-01-15,Casual,3.57,544033,2
Ancient Enemy,2021-01-19,Indie,3.17,277925,4
Cookie Run: Kingdom,2021-01-20,RPG,4.33,546838,0
Dyson Sphere Program,2021-01-20,Strategy,4.19,537744,8
Hitman 3,2021-01-20,Shooter,4.22,452645,5
Mad Games Tycoon 2,2021-01-21,Casual,4.05,545036,11
Resident Evil: Maiden (DEMO),2021-01-21,Shooter,3.69,546461,0
Skul: The Hero Slayer,2021-01-21,Indie,3.53,412477,4
NUTS,2021-01-22,Indie,3.5,99004,2
Friday Night Funkin Multiplayer,2021-01-24,Adventure,3.94,547017,0
Atelier Ryza 2: Lost Legends & the Secret Fairy,2021-01-26,Adventure,3.87,520300,6
Cyber Shadow,2021-01-26,Platformer,3.79,304191,7
Encodya,2021-01-26,Adventure,3.27,367083,1
Yakuza 3 Remastered,2021-01-27,Adventure,3.55,548148,6
Curious Expedition 2,2021-01-28,Adventure,4.09,298424,6
Disjunction,2021-01-28,Indie,3.0,263566,1
Garbage: Hobo Prophecy,2021-01-28,Strategy,2.38,548157,1
Immortals Fenyx Rising - A New God,2021-01-28,Adventure,3.67,620711,0
Olija,2021-01-28,Indie,3.54,271414,2
TOHU,2021-01-28,Indie,3.41,315987,3
The Medium,2021-01-28,Adventure,3.52,440081,8
The Watchers: DEVOUR,2021-01-28,Indie,2.94,430254,3
Gods Will Fall,2021-01-29,Action,2.39,522978,1
Pimp My Gun (Beta 2021+ (v0.7.0.6) Restored),2021-01-29,Simulation,4.04,552774,0
CPS TEST | Clicks Per Second,2021-02-02,N/A,4.0,556752,0
Destruction AllStars,2021-02-02,Racing,2.55,452640,0
Valheim,2021-02-02,Indie,4.02,248521,12
Blue Fire,2021-02-03,Indie,3.41,419905,2
Blue Archive,2021-02-04,Strategy,4.14,694456,0
Robux.,2021-02-04,Educational,4.0,316107,0
Werewolf: The Apocalypse - Earthblood,2021-02-04,Adventure,1.96,409574,1
Ys IX: Monstrum Nox,2021-02-05,Adventure,3.91,401804,7
HuniePop 2: Double Date,2021-02-08,RPG,3.67,404489,7
FNF MOD-DJ,2021-02-09,N/A,4.33,556874,0
Little Nightmares II,2021-02-10,Platformer,4.37,366881,6
Mosaique Neko Waifus 4,2021-02-11,Casual,3.38,557729,2
Gorilla Tag,2021-02-12,Casual,3.5,557738,1
Stumble Guys,2021-02-12,Casual,2.62,557828,1
Magic Survival,2021-02-13,Casual,4.11,574767,0
Firey's Candy Bar Adventure Remade (A BFDI game.),2021-02-15,Adventure,4.67,560112,0
Hellish Quart,2021-02-16,Indie,3.95,471017,1
Shattered - Tale of the Forgotten King,2021-02-16,Indie,2.26,311743,1
Speed Limit,2021-02-16,Arcade,3.5,553088,0
Buddy Simulator 1984,2021-02-17,Adventure,3.73,428872,4
Capcom Arcade Stadium,2021-02-17,Arcade,2.72,558986,1
Nebuchadnezzar,2021-02-17,Strategy,3.14,388968,1
Minit Fun Racer,2021-02-18,Racing,3.86,559123,1
The Shore,2021-02-18,Indie,3.07,560741,3
Trader Life Simulator,2021-02-18,Indie,4.04,560755,3
Blizzard Arcade Collection,2021-02-19,Racing,2.83,560734,0
Steven Universe: Unleash the Light,2021-02-19,Adventure,4.32,379496,19
Voyage,2021-02-19,Indie,3.89,323105,3
Find Yourself,2021-02-21,Indie,3.09,545040,2
Curse of the Dead Gods,2021-02-23,Adventure,3.63,387328,2
Pixel Puzzles Illustrations & Anime,2021-02-23,Action,2.12,560792,2
Rogue Heroes: Ruins of Tasos,2021-02-23,Action,3.57,651068,0
Song of Farca: Prologue,2021-02-24,Adventure,4.0,563370,1
SpongeGlock SquarePants,2021-02-24,Shooter,4.0,563855,0
Breathedge,2021-02-25,Indie,3.74,61044,4
Ghosts 'n Goblins Resurrection,2021-02-25,Platformer,4.11,530500,3
HellSign,2021-02-25,Adventure,3.5,279589,0
Hot Brass,2021-02-25,Strategy,3.33,370240,5
Spellcaster University,2021-02-25,Strategy,3.57,254604,3
Voidigo,2021-02-25,Indie,3.56,563395,1
Bravely Default II,2021-02-26,Adventure,3.56,398403,2
ALTF4,2021-02-28,Indie,3.4,559041,1
Baldi gotta sweep android mod menu,2021-02-28,N/A,4.22,565639,0
FINAL FANTASY II Pixel Remaster,2021-02-28,RPG,4.0,741501,0
From The Darkness,2021-02-28,Indie,3.6,557714,2
Teamfight Manager,2021-02-28,Indie,3.71,566578,6
friday night funkin ps4 edition,2021-02-28,N/A,4.43,565705,0
Carnal Instinct,2021-03-01,RPG,3.86,566555,2
Monster Jam Steel Titans 2,2021-03-01,Racing,3.0,544090,2
Maquette,2021-03-02,Indie,3.13,490123,2
Airport CEO,2021-03-03,Strategy,3.71,45057,5
Cute can be broken,2021-03-03,Adventure,4.33,750344,0
Everhood,2021-03-03,Indie,4.26,484554,5
Gnosia,2021-03-04,Adventure,4.44,566445,4
Loop Hero,2021-03-04,Strategy,4.07,548036,10
Ranch Simulator,2021-03-04,Simulation,3.6,351027,4
The Life and Suffering of Sir Brante,2021-03-04,Adventure,4.28,563419,6
Friday Night Funkin' Character Test Playground,2021-03-05,N/A,3.95,569832,0
Mitoza,2021-03-05,Indie,4.0,568888,0
B-Side Remixes (Friday Night Funkin' mod),2021-03-07,N/A,3.93,569275,0
"Friday Night Funkin' (Ninjamuffin99, mikeyfridaynightfunkin)",2021-03-07,N/A,3.77,569250,0
Stronghold: Warlords,2021-03-09,Strategy,2.94,327245,2
Friday night funkin: whitty mod (lo-fight) with music,2021-03-11,N/A,4.21,570442,0
Lust from Beyond,2021-03-11,Indie,3.21,297249,7
Pascal's Wager: Definitive Edition,2021-03-11,Adventure,3.64,571708,4
Emily is Away <3,2021-03-15,Adventure,3.79,299557,4
Mundaun,2021-03-15,Indie,4.22,64551,4
SMASH LEGENDS,2021-03-15,Casual,2.5,573193,1
Adios,2021-03-17,Indie,3.85,428775,2
Friday Night Funkin' (with my 2 favorites mods),2021-03-17,RPG,4.04,573923,0
Outer Worlds: Murder on Eridanos,2021-03-17,Shooter,4.12,573127,0
Doom Eternal: The Ancient Gods - Part Two,2021-03-18,Shooter,4.13,568863,0
Endzone - A World Apart,2021-03-18,Strategy,3.51,387247,3
FNF Tricky [madness combat] - Test,2021-03-18,N/A,3.88,573621,0
Minute of Islands,2021-03-18,Indie,3.41,362937,3
Neurodeck: Psychological Deckbuilder,2021-03-18,Strategy,3.44,553075,4
Mr. Prepper,2021-03-19,Indie,3.12,51170,2
NTR Legend,2021-03-19,Casual,4.21,743456,0
Saiko no sutoka,2021-03-19,Casual,3.95,574784,3
Space Robinson,2021-03-19,Indie,3.67,259933,1
Arkham Horror: Mother's Embrace,2021-03-22,Adventure,2.5,60074,1
Card Hog,2021-03-22,RPG,3.57,388997,1
Cats in Time,2021-03-23,Casual,3.75,579642,2
Magic: Legends,2021-03-23,Massively Multiplayer,2.43,398410,0
Crash Bandicoot: On the Run!,2021-03-24,Platformer,2.91,576360,0
Music Arrow: FNF Game,2021-03-24,Casual,4.0,586211,0
Paradise Lost,2021-03-24,Adventure,3.25,277988,2
Black Legend,2021-03-25,Strategy,3.14,490431,5
Dandy Ace,2021-03-25,Indie,2.72,302916,4
El Hijo - A Wild West Tale,2021-03-25,Strategy,3.0,493455,1
Immortals Fenyx Rising - Myths of the Eastern Realm,2021-03-25,Adventure,3.83,578142,0
Mech Mechanic Simulator,2021-03-25,Simulation,3.5,300764,2
Balan Wonderworld,2021-03-26,Action,1.83,471021,3
Coloring Game 4,2021-03-26,Casual,3.57,578186,1
Genesis Noir,2021-03-26,Adventure,3.58,62505,2
It Takes Two,2021-03-26,Platformer,4.53,455597,10
Kaze and the Wild Masks,2021-03-26,Adventure,4.05,63573,3
Monster Hunter Rise,2021-03-26,Action,4.29,494393,15
Record of Lodoss War: Deedlit in Wonder Labyrinth,2021-03-27,Platformer,4.16,484912,2
THE GAME OF LIFE 2,2021-03-29,Casual,3.29,528659,2
Disco Elysium: Final Cut,2021-03-30,Adventure,4.67,545015,7
Evil Genius 2 World Domination,2021-03-30,Strategy,3.37,327202,6
I Saw Black Clouds,2021-03-30,Adventure,2.5,548033,3
Narita Boy,2021-03-30,Indie,3.35,286474,1
Lovely Moment with a Married Woman,2021-03-31,Casual,4.33,745727,0
Nanotale - Typing Chronicles,2021-03-31,Indie,3.2,264859,2
The Binding of Isaac: Repentance,2021-03-31,Action,4.63,536886,0
Outriders,2021-04-01,Shooter,3.38,327227,19
ROUNDS,2021-04-01,Indie,3.88,579580,2
Totally Accurate Battle Simulator,2021-04-01,Strategy,3.72,11025,2
Element TD 2 - Competitive Tower Defense,2021-04-02,Strategy,3.57,428022,2
Fantasian,2021-04-02,RPG,4.22,566457,0
Your Chronicle,2021-04-04,RPG,3.0,581025,4
FNF Corrupted / Boyfriend TEST,2021-04-05,Action,3.86,584414,0
Lost Words: Beyond the Page,2021-04-05,Adventure,4.05,248474,4
NGU INDUSTRIES,2021-04-05,Indie,3.12,581066,2
Resident Evil Re:Verse Beta,2021-04-05,Action,2.0,581085,1
Fortnite,2021-04-06,N/A,3.31,583859,0
Oddworld: Soulstorm,2021-04-06,Indie,2.53,292817,0
The Slormancer,2021-04-06,Indie,4.17,374544,4
Before Your Eyes,2021-04-07,Indie,4.29,579524,2
PAC-MAN 99,2021-04-07,Arcade,3.56,580967,0
3 out of 10: Season Two,2021-04-08,Adventure,2.67,580989,0
Across the Obelisk,2021-04-08,Strategy,3.78,581137,4
Cozy Grove,2021-04-08,Casual,3.7,576532,4
Enlisted,2021-04-08,Shooter,3.17,248400,0
Scarlet Hood and the Wicked Wood,2021-04-08,Indie,3.67,576502,3
Siege of Avalon: Anthology,2021-04-08,Action,4.5,578225,1
Trials of Fire,2021-04-08,Strategy,3.56,306089,4
Say No! More,2021-04-09,Casual,4.07,392306,2
Toree 3D,2021-04-09,Indie,4.12,581183,1
Sarvente & Ruv (test),2021-04-10,N/A,3.7,582570,0
FNF / Miku TEST,2021-04-12,Action,3.83,587604,0
Hobo: Tough Life,2021-04-13,Indie,3.25,43671,4
HitchHiker - A Mystery Game,2021-04-14,Indie,2.82,351018,3
Retro Machina: Nucleonics,2021-04-14,Indie,2.83,586124,1
Super Auto Pets,2021-04-14,Strategy,3.69,586936,2
TaleSpire,2021-04-14,Indie,4.14,428237,1
100 hidden cats,2021-04-15,Casual,3.2,586065,1
Core,2021-04-15,Action,3.87,587608,0
Lunch Lady,2021-04-15,Indie,2.17,586174,2
Rain on Your Parade,2021-04-15,Casual,3.37,428053,2
Red Falls Season 1,2021-04-15,Indie,4.33,586172,1
Shadow Man Remastered,2021-04-15,Adventure,3.5,586185,2
MLB 21: The Show,2021-04-16,Sports,3.31,576518,0
FNF Week 7 (Phuphasin123),2021-04-19,N/A,4.33,590826,0
Portal Reloaded,2021-04-19,Platformer,4.46,593230,0
Suspects: Mystery Mansion,2021-04-19,Casual,4.29,586122,3
FNF / Sky TEST,2021-04-20,Action,4.1,590320,0
Silicon Dreams | cyberpunk interrogation,2021-04-20,Indie,3.33,589151,2
Devil Slayer - Raksasi,2021-04-22,Action,3.83,385986,0
Lacuna: Prologue,2021-04-22,Indie,2.86,589194,1
MotoGP 21,2021-04-22,Racing,3.25,576517,5
Turnip Boy Commits Tax Evasion,2021-04-22,Casual,3.75,517384,2
NieR Replicant v1.22474487139...,2021-04-23,Adventure,4.39,422859,14
Deepest Sword,2021-04-26,Platformer,4.07,596751,0
FNF Sonic Test (Android HTML),2021-04-26,N/A,3.5,597000,0
Gas Station Simulator: Prologue - Early Days,2021-04-28,Casual,2.89,593319,1
Insurmountable,2021-04-28,Indie,3.0,593250,2
Friday Night Funkin' BUT BAD | FNF Mod | HTML 5 Online Port,2021-04-29,N/A,4.29,593705,0
Total War: ROME REMASTERED,2021-04-29,Strategy,3.0,579517,3
Warpips,2021-04-29,Strategy,2.67,593358,1
Goose Goose Duck,2021-04-30,Casual,3.31,586153,2
R18Plus Monster Girl You-ki chan,2021-04-30,Indie,3.86,597174,0
Returnal,2021-04-30,Shooter,4.22,452639,10
Scavengers,2021-05-01,Shooter,2.41,274761,2
Pokemon Fire-Red,2021-05-03,Adventure,4.5,600553,0
Nongunz: Doppelganger Edition,2021-05-05,Action,2.0,484718,1
Infinitode 2 - Infinite Tower Defense,2021-05-06,Strategy,3.69,598884,1
Metro Exodus: Enhanced Edition,2021-05-06,Shooter,4.33,613493,0
FNF Sarvente's mid fight / Ruv TEST,2021-05-07,Action,3.84,582678,0
Miss Furry,2021-05-07,Adventure,1.75,600965,2
Papetura,2021-05-07,Casual,4.15,362903,2
Patch Quest,2021-05-07,Indie,3.43,600944,2
Resident Evil: Village,2021-05-07,Adventure,4.38,452649,16
A certain housewife's secret money earner,2021-05-08,RPG,4.0,743628,0
Hood: Outlaws & Legends,2021-05-10,Massively Multiplayer,2.84,479670,6
Before We Leave,2021-05-12,Strategy,3.24,349367,3
Hundred Days - Winemaking Simulator,2021-05-12,Strategy,2.47,349700,1
Lost Ruins,2021-05-12,Indie,3.62,586195,3
Retro Machina,2021-05-12,Indie,3.14,383587,17
Soulworker,2021-05-12,Massively Multiplayer,2.65,602328,1
Assassin's Creed Valhalla: Wrath of the Druids,2021-05-13,Action,3.18,595182,0
Friday Night Funkin' Mid-fight-Masses,2021-05-13,Indie,4.43,602645,0
GetsuFumaDen: Undying Moon,2021-05-13,Platformer,3.7,586060,4
Succubus Cafe,2021-05-13,Casual,3.33,602333,1
Friday Night Funkin' Character Test Playground Remake,2021-05-14,RPG,3.5,605348,0
Mass Effect: Legendary Edition,2021-05-14,Shooter,4.57,516111,16
Subnautica: Below Zero,2021-05-14,Indie,4.0,287342,9
Essays on Empathy,2021-05-17,Casual,3.38,605600,4
SNKRX,2021-05-17,Casual,4.09,598943,3
Just Act Natural,2021-05-18,Casual,2.78,605610,1
Rising Hell,2021-05-18,Indie,3.11,370162,1
Siege Survival: Gloria Victis,2021-05-18,Strategy,3.4,494486,0
Aerial_Knight's Never Yield,2021-05-19,Casual,3.67,605687,0
Merchant Master,2021-05-19,Casual,4.35,637485,0
The Wild at Heart,2021-05-19,Indie,3.58,270722,10
Fearmonium,2021-05-20,Indie,3.43,313841,3
Frozenheim,2021-05-20,Strategy,2.88,595231,2
Just Die Already,2021-05-20,Indie,3.0,455515,4
Mind Scanners,2021-05-20,Strategy,3.24,576497,3
Prison Simulator: Prologue,2021-05-20,Action,3.29,605663,1
Shin Megami Tensei III: Nocturne HD Remaster,2021-05-20,Action,3.97,471011,5
Knockout City,2021-05-21,Indie,3.16,558984,2
Biomutant,2021-05-25,Action,2.78,45775,6
Imagine Earth,2021-05-25,Strategy,3.64,12105,2
King of Seas,2021-05-25,Indie,2.93,485203,1
Mr. Mix (Original Game),2021-05-25,Simulation,4.5,609789,0
Strangeland,2021-05-25,Adventure,4.15,559111,4
Graven,2021-05-26,Shooter,3.21,489293,2
Warhammer Age of Sigmar: Storm Ground,2021-05-26,Strategy,2.14,581222,5
Force of Nature 2: Ghost Keeper,2021-05-27,Adventure,3.75,608567,4
Solasta: Crown of the Magister,2021-05-27,Strategy,3.47,350126,5
Going Medieval,2021-05-31,Indie,3.61,295080,3
Stonefly,2021-05-31,Indie,3.5,607352,1
Necromunda: Hired Gun,2021-06-01,Shooter,2.94,573124,3
Operation: Tango,2021-06-01,Casual,3.73,455579,0
Hokko Life,2021-06-02,Adventure,3.45,611593,1
Overboard! (2021),2021-06-02,Indie,4.06,611683,3
Slipways,2021-06-02,Strategy,3.5,599021,5
The Magnificent Trufflepigs,2021-06-02,Indie,2.67,571690,3
Until We Die,2021-06-02,Strategy,4.21,485177,3
Astalon: Tears of the Earth,2021-06-03,Adventure,4.27,304922,15
College Bound - Episode 1,2021-06-03,Casual,3.33,611699,1
Critters for Sale,2021-06-03,Indie,4.33,320408,3
Sunblaze,2021-06-03,Indie,3.83,570171,5
Sex with the Devil,2021-06-04,Indie,2.95,613542,2
Sniper: Ghost Warrior Contracts 2,2021-06-04,Shooter,3.64,457730,4
Mighty Goose,2021-06-05,Platformer,3.88,496649,4
Muck,2021-06-05,Indie,3.4,613573,0
Backbone,2021-06-08,Indie,3.39,63845,5
Chivalry 2,2021-06-08,Action,3.75,327203,4
Chicory: A Colorful Tale,2021-06-10,Indie,3.89,364990,3
FINAL FANTASY VII REMAKE INTERGRADE,2021-06-10,Adventure,4.37,586199,5
NINJA GAIDEN: Master Collection,2021-06-10,Action,4.0,558985,0
One Hand Clapping,2021-06-10,Indie,3.86,257297,2
Guilty Gear -Strive,2021-06-11,Action,4.3,374507,11
Ratchet & Clank: Rift Apart,2021-06-11,Adventure,4.38,727315,16
Beasts of Maravilla Island,2021-06-12,Casual,3.57,586045,1
Camp with Mom and my Annoying Friend who wants to rail her,2021-06-12,Casual,2.43,743569,0
Dark Deity,2021-06-15,Indie,3.67,622517,2
Cruelty Squad,2021-06-16,Indie,4.04,540036,2
Luna's Fishing Garden,2021-06-16,Casual,4.11,622615,3
Roguebook,2021-06-16,Adventure,3.96,351003,3
Police Simulator: Patrol Officers,2021-06-17,Simulation,3.27,622652,5
Discolored,2021-06-18,Indie,3.75,262414,2
Dungeons & Dragons: Dark Alliance,2021-06-21,Action,2.43,398407,11
Phantom Abyss,2021-06-21,Massively Multiplayer,3.62,605543,2
Alex Kidd in Miracle World DX,2021-06-22,Platformer,3.67,600906,1
Ender Lilies: Quietus of the Knights,2021-06-22,Platformer,4.0,537743,0
Labyrinth City: Pierre the Maze Detective,2021-06-22,Casual,3.92,536709,1
Robolife-Days with Aino,2021-06-22,Indie,3.43,625752,4
Legend of Mana (2021),2021-06-24,Action,3.36,558979,7
Bro Falls: Ultimate Showdown,2021-06-25,Racing,3.25,627556,1
Mario Golf: Super Rush,2021-06-25,Arcade,2.86,558973,0
Scarlet Nexus,2021-06-25,Adventure,3.62,440086,7
Sun Haven,2021-06-25,Adventure,4.0,627562,6
Doki Doki Literature Club Plus!,2021-06-30,Adventure,4.0,616686,5
Old World,2021-07-01,Strategy,3.45,442850,3
Oreo game,2021-07-02,Puzzle,4.32,631788,0
Boomerang X,2021-07-08,Indie,4.33,385444,2
Dream SMP: Las Nevadas Bedrock,2021-07-08,Adventure,4.43,632452,0
Monster Hunter Stories 2: Wings of Ruin Trial Version,2021-07-08,Adventure,3.0,633406,1
Black Skylands,2021-07-09,Indie,4.11,370201,2
Monster Hunter Stories 2: Wings of Ruin,2021-07-09,Adventure,3.79,494394,12
Swords of Legends Online,2021-07-09,Massively Multiplayer,3.08,633425,4
"NejicomiSimulator Vol.2 (Gapping, Amputee sex slave, Petrify, Time Stop)",2021-07-12,Casual,4.08,635239,1
Company of Heroes 3 - Pre-Alpha Preview,2021-07-13,Strategy,2.83,635275,1
Punishing: Gray Raven,2021-07-14,Action,3.71,637510,0
Creepy Tale 2,2021-07-15,Indie,3.8,627623,3
Ghost Hunters Corp,2021-07-15,Indie,3.56,635232,4
NEKOPARA - Catboys Paradise,2021-07-15,Casual,2.89,635365,1
Space Jam: A New Legacy - The Game,2021-07-15,Arcade,2.95,635391,0
Walkabout Mini Golf VR,2021-07-15,Casual,4.67,635366,2
"Warhammer 40,000: Battlesector",2021-07-15,Strategy,3.23,570173,6
F1 2021,2021-07-16,Racing,3.78,586208,15
The Legend of Zelda: Skyward Sword HD,2021-07-16,Adventure,4.28,558974,0
Cris Tales,2021-07-20,Adventure,3.03,327212,4
Death's Door,2021-07-20,Indie,4.19,579507,5
JustiXX,2021-07-20,Platformer,4.42,639703,0
Mini Motorways,2021-07-20,Casual,4.2,375231,5
The Witcher: Monster Slayer,2021-07-20,Action,3.17,641871,0
Song of Farca,2021-07-21,Indie,3.78,554708,4
Summer of '58,2021-07-21,Indie,3.77,607397,2
Last Stop,2021-07-22,Indie,3.36,391401,6
Intravenous,2021-07-26,Indie,3.84,581213,1
SAMURAI WARRIORS 5,2021-07-26,Action,3.78,558978,9
Blightbound,2021-07-27,Indie,3.57,442868,2
HighFleet,2021-07-27,Strategy,4.35,586059,3
Idol Manager,2021-07-27,Strategy,3.4,60533,7
NEO: The World Ends With You,2021-07-27,Action,3.85,522975,5
Night Book,2021-07-27,Adventure,2.38,641750,2
Tears of Themis,2021-07-27,RPG,4.0,643181,0
The Great Ace Attorney Chronicles,2021-07-27,Adventure,4.57,602357,10
Tribes of Midgard,2021-07-27,Indie,3.22,350505,6
Chernobylite,2021-07-28,Adventure,3.3,290894,2
FINAL FANTASY I Pixel Remaster,2021-07-28,RPG,3.9,741502,0
FINAL FANTASY III Pixel Remaster,2021-07-28,RPG,4.12,741500,0
FINAL FANTASY IV  Pixel Remaster,2021-07-28,RPG,4.17,741499,0
Fuga: Melodies of Steel,2021-07-28,RPG,3.62,638799,6
NieR Re[in]carnation,2021-07-28,Adventure,3.67,422860,0
The Forgotten City,2021-07-28,Indie,4.28,58809,6
Unbound: Worlds Apart,2021-07-28,Indie,3.71,65303,6
Eldest Souls,2021-07-29,Indie,3.78,387329,2
Omno,2021-07-29,Adventure,3.46,259932,2
The Ascent,2021-07-29,Indie,3.31,441738,4
HORROR TALES: The Wine,2021-07-30,Adventure,3.18,627526,4
Vesper,2021-07-30,Platformer,3.0,493460,2
dream smp version 1,2021-07-31,Adventure,4.38,644004,0
GRIME,2021-08-02,Indie,3.74,353464,4
The Ramp,2021-08-03,Action,3.29,644752,1
Toodee and Topdee,2021-08-03,Adventure,3.33,644777,2
Dreamscaper,2021-08-04,Adventure,3.48,301528,2
Haven Park,2021-08-04,Indie,3.27,638647,2
Death Trash,2021-08-05,Indie,3.96,254547,2
Dodgeball Academia,2021-08-05,Adventure,3.72,619475,4
Jupiter Hell,2021-08-05,Strategy,3.64,250011,1
My Friend Pedro: Ripe for Revenge,2021-08-05,Platformer,4.0,707255,0
Almost My Floor,2021-08-06,Indie,3.62,646325,2
Lifeslide,2021-08-06,Indie,3.38,254615,1
Lust Theory Season 1,2021-08-06,Indie,4.53,646324,4
City of Gangsters,2021-08-09,Strategy,3.17,493459,4
Patron,2021-08-09,Strategy,3.75,638790,3
Black Book,2021-08-10,Indie,4.08,366083,5
Carrier Command 2,2021-08-10,Strategy,3.67,647609,6
Lawn Mowing Simulator,2021-08-10,RPG,3.14,647611,3
Library Of Ruina,2021-08-10,Strategy,3.05,484827,4
My Garage,2021-08-10,Racing,3.83,647599,17
Axiom Verge 2,2021-08-11,Adventure,3.85,397479,3
Boyfriend Dungeon,2021-08-11,Indie,3.46,50119,8
Car Mechanic Simulator 2021,2021-08-11,Racing,3.73,647625,12
Garden Story,2021-08-11,Indie,3.5,323064,3
Naraka Bladepoint,2021-08-11,Massively Multiplayer,3.04,398412,5
Seed of Life,2021-08-11,Adventure,3.2,307193,2
FORECLOSED,2021-08-12,Indie,3.13,638649,1
Faraday Protocol,2021-08-12,Indie,3.2,608702,1
Icarus,2021-08-12,Indie,2.95,619944,12
The Plane Effect,2021-08-12,Casual,2.78,640253,1
Fort Triumph,2021-08-13,Strategy,3.29,22104,3
Greak: Memories of Azur,2021-08-16,Indie,3.12,638648,4
Road 96,2021-08-16,Indie,3.94,530269,6
Behind the Frame: The Finest Scenery,2021-08-17,Casual,3.87,627634,2
Hell Architect,2021-08-17,Strategy,2.33,309871,1
Humankind,2021-08-17,Strategy,3.66,366882,9
Madden NFL 22,2021-08-17,Casual,2.12,650806,2
Mayhem Brawler,2021-08-18,Indie,3.54,624351,2
Northern Journey,2021-08-18,Adventure,4.12,650755,2
Quake (2021),2021-08-19,Shooter,3.83,651298,0
Recompile,2021-08-19,Indie,2.8,299615,2
Twelve Minutes,2021-08-19,Indie,3.52,327260,5
Arietta of Spirits,2021-08-20,Indie,3.4,372640,2
Ghost of Tsushima - Iki Island,2021-08-20,Adventure,4.44,799253,0
Ghost of Tsushima Director's Cut,2021-08-20,Adventure,4.6,638650,0
Aliens: Fireteam Elite,2021-08-23,Shooter,2.87,566454,6
King's Bounty II,2021-08-23,Strategy,3.12,364807,8
Hoa,2021-08-24,Casual,3.59,447808,3
MIR4,2021-08-24,Massively Multiplayer,2.28,644781,3
Psychonauts 2,2021-08-24,Platformer,4.36,257192,12
Beat Blast,2021-08-25,Casual,4.14,362862,2
SPOOKWARE,2021-08-25,Indie,3.43,469663,3
Baldo: The Guardian Owls,2021-08-26,Indie,2.44,326232,26
Bum Simulator,2021-08-26,Adventure,3.08,62418,2
Myst (2021),2021-08-26,Adventure,3.37,494391,0
Super Animal Royale,2021-08-26,Adventure,2.96,236804,1
Tormented Souls,2021-08-26,Adventure,3.69,485218,4
No More Heroes 3,2021-08-27,Adventure,4.27,327236,9
FOREWARNED,2021-09-10,Indie,3.12,663783,3
Kraken Academy!!,2021-09-10,Adventure,3.96,610296,0
Life is Strange: True Colors,2021-09-10,Adventure,3.85,573123,11
Lost in Random,2021-09-10,Indie,3.66,455598,2
NBA 2K22,2021-09-10,Simulation,2.89,650646,19
NBA 2K22 for Xbox Series X|S,2021-09-10,N/A,3.14,663820,0
Tales of Arise,2021-09-10,Action,3.97,326244,15
WarioWare: Get It Together!,2021-09-10,Family,4.03,622496,0
Aragami 2,2021-09-17,Shooter,3.15,486727,3
Deltarune: Chapter 2,2021-09-17,Indie,4.53,669328,0
Tails of Iron,2021-09-17,Indie,3.92,300689,5
What a Legend!,2021-09-25,Casual,4.62,743549,0
Doors: Paradox,2021-09-27,Casual,3.25,672464,4
FIFA 22,2021-09-27,Simulation,3.42,546464,14
Hot Wheels Unleashed,2021-09-27,Racing,3.5,563420,2
Agatha Christie - Hercule Poirot: The First Cases,2021-09-28,Adventure,3.83,650650,6
Centipede: Recharged,2021-09-28,Arcade,2.88,667781,1
In Sound Mind,2021-09-28,Indie,4.0,350684,5
LEMNIS GATE,2021-09-28,Indie,3.07,326271,3
New World,2021-09-28,Massively Multiplayer,3.08,398414,22
Outer Wilds - Echoes of the Eye,2021-09-28,Adventure,4.61,650649,0
UnMetal,2021-09-28,Indie,3.57,430498,3
A Juggler's Tale,2021-09-29,Indie,3.97,452664,3
Impostor Factory,2021-09-29,Adventure,4.43,510043,4
Rogue Lords,2021-09-29,RPG,4.0,631947,2
Them & Us,2021-09-29,Indie,3.55,61137,3
Astria Ascending,2021-09-30,RPG,3.07,578226,33
Industria,2021-09-30,Shooter,3.0,447815,3
Life is Strange: True Colors - Wavelengths,2021-09-30,Adventure,3.58,670689,0
MELTY BLOOD: TYPE LUMINA,2021-09-30,Fighting,3.5,651320,5
Madness: Project Nexus,2021-09-30,Indie,3.75,359330,3
Tap Ninja - Idle Game,2021-09-30,Casual,3.0,748636,3
The Eternal Cylinder,2021-09-30,Adventure,3.36,364811,1
Toree 2,2021-09-30,Action,4.0,670934,0
Unsighted,2021-09-30,Indie,4.16,313802,4
eFootball 2022,2021-09-30,Sports,2.14,545029,1
Super Monkey Ball: Banana Mania,2021-10-02,Arcade,3.64,622493,3
The Imperial Gatekeeper,2021-10-04,Indie,3.73,743461,2
Alan Wake Remastered,2021-10-05,Adventure,3.99,654591,0
Nickelodeon All-Star Brawl,2021-10-05,Action,2.96,635220,2
SUCCUBUS,2021-10-05,Adventure,2.81,277931,2
Vagrus - The Riven Realms,2021-10-05,Strategy,4.43,60427,2
Windows 12 Simulator,2021-10-05,Simulation,1.0,675114,0
Blade of Darkness,2021-10-06,Indie,4.04,665016,1
Chinese social credit score test,2021-10-06,Educational,4.31,674748,0
Jett: The Far Shore,2021-10-06,Adventure,2.73,452643,0
The Lightbringer,2021-10-06,Indie,3.5,651109,1
Age of Darkness: Final Stand,2021-10-07,Strategy,3.45,674321,3
Back 4 Blood,2021-10-07,Shooter,3.2,397473,5
Far Cry 6,2021-10-07,Shooter,3.35,463723,14
"Peace, Death! 2",2021-10-07,Casual,3.67,674333,3
Unusual Findings,2021-10-07,Indie,3.88,674559,2
Metroid Dread,2021-10-08,Platformer,4.38,622495,0
Settlement Survival,2021-10-11,Strategy,4.1,678558,3
Bubble People,2021-10-12,Indie,3.5,678601,0
Circuit Superstars,2021-10-12,Racing,3.76,327228,2
Midnight Protocol,2021-10-12,Strategy,2.8,377825,3
NHL 22,2021-10-12,Simulation,2.86,667652,0
Poppy Playtime,2021-10-12,Indie,3.76,672365,1
Baldi exe mod menu android,2021-10-13,N/A,2.33,679260,0
Demon Slayer -Kimetsu no Yaiba- The Hinokami Chronicles,2021-10-13,Adventure,3.36,625837,6
Growing Up,2021-10-13,RPG,3.76,638706,5
League Of Enthusiastic Losers,2021-10-13,Indie,2.62,426101,0
Blast Brigade vs. the Evil Legion of Dr. Cread,2021-10-14,Indie,4.0,678655,3
Chasing Static,2021-10-14,Indie,3.75,499306,3
Despot's Game,2021-10-14,Strategy,3.76,605541,1
The Jackbox Party Pack 8,2021-10-14,Casual,4.14,678642,3
The Riftbreaker,2021-10-14,Adventure,3.86,300737,6
BeamNG techdemo 0.3,2021-10-15,Adventure,4.27,681294,0
Come Home,2021-10-15,Casual,3.88,680044,2
Crysis 2 Remastered,2021-10-15,Shooter,3.93,650597,3
The Good Life,2021-10-15,Indie,2.57,270724,0
Crysis 3 Remastered,2021-10-17,Shooter,3.54,650598,2
Against the Storm,2021-10-18,Strategy,4.45,494484,4
Escape Simulator,2021-10-19,Casual,4.0,681463,4
Inscryption,2021-10-19,Indie,4.41,479694,8
Into the Pit,2021-10-19,Shooter,3.04,674334,4
War Mongrels,2021-10-19,Strategy,3.4,667651,6
Youtubers Life 2,2021-10-19,Adventure,3.1,672454,3
Dreams of Desire: Definitive Edition,2021-10-20,Casual,3.62,681510,3
They Always Run,2021-10-20,Platformer,3.71,614960,3
Disciples: Liberation,2021-10-21,Strategy,3.07,555994,4
Echo Generation,2021-10-21,Strategy,3.05,681578,0
Resident Evil 4 (VR),2021-10-21,Adventure,3.83,684907,0
Sword and Fairy 7,2021-10-21,Adventure,3.57,683183,4
Hourglass,2021-10-22,Indie,3.5,683170,1
My Friend Peppa Pig,2021-10-22,Adventure,3.15,677262,3
The Dark Pictures Anthology: House of Ashes,2021-10-22,Adventure,3.93,514896,6
Terraformers: First Steps on Mars,2021-10-23,Strategy,2.75,674259,1
Bad End Theater,2021-10-25,Simulation,4.23,684926,2
Fetish Locator Week Two,2021-10-25,Casual,4.17,684945,3
"Haiku, the Robot",2021-10-25,Indie,3.2,430311,2
Grotto,2021-10-26,Indie,3.67,681571,1
Marvel's Guardians of the Galaxy,2021-10-26,Shooter,4.33,616765,10
Moonglow Bay,2021-10-26,Adventure,3.24,616673,10
The Smurfs - Mission Vileaf,2021-10-26,Adventure,3.0,651264,2
Black Widow: Recharged,2021-10-27,Action,2.78,674346,1
FATAL FRAME / PROJECT ZERO: Maiden of Black Water,2021-10-27,Adventure,3.64,685021,3
Age of Empires IV,2021-10-28,Strategy,3.9,58618,4
Happy Game,2021-10-28,Casual,3.32,586197,3
Riders Republic,2021-10-28,Massively Multiplayer,3.37,490752,4
Voice of Cards: The Isle Dragon Roars,2021-10-28,Strategy,3.42,669261,4
Ziggurat 2,2021-10-28,Indie,3.73,685039,3
Crab Game,2021-10-29,Casual,3.3,705002,1
Mario Party Superstars,2021-10-29,Casual,3.92,622494,0
roblox2-0,2021-10-31,N/A,3.86,687441,0
Dogs Organized Neatly,2021-11-01,Casual,3.86,688798,3
The Legend of Tianding,2021-11-01,Platformer,3.95,686812,3
To The Rescue!,2021-11-01,Indie,4.17,290952,1
Conway: Disappearance at Dahlia View,2021-11-02,Adventure,4.17,684910,8
First Class Trouble,2021-11-02,Indie,2.9,366110,3
Time Loader,2021-11-02,Racing,4.0,560814,3
Tunche,2021-11-02,Indie,3.1,62068,2
Unpacking,2021-11-02,Casual,4.01,364942,3
Bloodshore,2021-11-03,Casual,2.29,684909,2
New Hokage Servant,2021-11-03,N/A,4.43,689700,0
Demon Turf,2021-11-04,Indie,3.55,681570,2
Just Dance 2022,2021-11-04,Casual,3.8,616684,0
MILFs of Sunville,2021-11-04,Indie,4.0,688900,2
Prison Simulator,2021-11-04,Action,3.0,60339,3
Call of Duty: Vanguard,2021-11-05,Shooter,3.01,647552,8
Let's Build a Zoo,2021-11-05,Strategy,3.43,690727,5
Football Manager 2022,2021-11-08,Simulation,3.98,692220,28
Forza Horizon 5,2021-11-08,Racing,4.32,622492,14
Jurassic World Evolution 2,2021-11-09,Strategy,3.4,614965,4
The Demon's Stele & The Dog Princess,2021-11-09,Casual,4.62,743438,0
Tiny Tina's Assault on Dragon Keep: A Wonderlands One-shot Adventure,2021-11-09,Shooter,3.01,692541,2
Among Trees,2021-11-10,Indie,3.19,62932,2
Epic Chef,2021-11-10,Indie,3.5,692669,1
House Builder,2021-11-10,Casual,3.5,686809,6
Punk Wars,2021-11-10,Strategy,2.0,686810,1
Grand Theft Auto III: The Definitive Edition,2021-11-11,Racing,2.97,708998,0
SYNTHETIK 2,2021-11-11,Shooter,2.67,649004,2
Slice of Sea,2021-11-11,Indie,4.0,532169,3
The Elder Scrolls V: Skyrim Anniversary Edition,2021-11-11,Adventure,4.0,684908,0
Battlefield 2042,2021-11-12,Casual,2.79,614954,6
Bright Memory: Infinite,2021-11-12,Indie,3.51,430464,2
Poke Abby,2021-11-12,Simulation,4.33,748486,0
Shin Megami Tensei V,2021-11-12,Adventure,3.98,257242,0
Naruto: Kunoichi Trainer,2021-11-13,Casual,4.33,745498,0
100 hidden frogs,2021-11-15,Casual,3.25,695833,0
Grow: Song of the Evertree,2021-11-15,Casual,3.29,695867,2
Hextech Mayhem: A League of Legends Story,2021-11-15,Platformer,3.7,692681,1
Moncage,2021-11-15,Adventure,3.8,690708,2
Ruined King: A League of Legends Story,2021-11-15,RPG,3.88,398406,4
Sherlock Holmes: Chapter One,2021-11-15,Adventure,3.61,447825,4
Surviving the Aftermath,2021-11-15,Strategy,3.37,384491,4
Tavern Master,2021-11-15,Strategy,4.0,551148,5
Factory Town,2021-11-16,Strategy,3.57,61290,2
MARSUPILAMI - HOOBADVENTURE,2021-11-16,Platformer,3.83,686811,0
The Last Stand: Aftermath,2021-11-16,Indie,3.64,537742,3
Treasure of Nadia,2021-11-16,Adventure,3.94,695861,6
Motorcycle Mechanic Simulator 2021,2021-11-17,Casual,3.67,613534,0
Exo One,2021-11-18,Indie,3.73,51079,2
Kid A Mnesia: Exhibition,2021-11-18,Adventure,4.16,692545,0
Undungeon,2021-11-18,Indie,2.79,455519,1
Farming Simulator 22,2021-11-22,Simulation,3.39,681398,9
Asterix & Obelix: Slap them All!,2021-11-25,Action,2.33,635388,0
Len's Island,2021-11-26,Indie,3.5,599019,2
Bloons TD Battles 2,2021-11-30,Strategy,2.86,712831,0
Propnight,2021-11-30,Action,3.2,681396,4
MSM: The Lost Landscapes,2021-12-26,N/A,4.35,714895,0
OlliOlli World,2022-02-07,Platformer,3.67,586054,2
Diplomacy is Not an Option,2022-02-08,Strategy,4.15,428874,3
FNIA: Expanded - Reupload,2022-02-08,N/A,4.29,737322,0
Her New Memory - Hentai Simulator,2022-02-08,Casual,3.55,490938,7
Model Builder,2022-02-08,Casual,3.88,379456,2
Sifu,2022-02-08,Action,4.02,564757,3
Know by Heart,2022-02-09,Indie,3.81,462678,0
Blood West,2022-02-10,Shooter,3.67,727317,2
Bones' Tales: The Manor,2022-02-10,Adventure,4.33,743476,0
CrossFire X,2022-02-10,Shooter,3.29,326242,0
Lust from Beyond: M Edition,2022-02-10,Indie,2.0,736427,1
PowerSlave Exhumed,2022-02-10,Platformer,3.61,649076,1
Lost Ark,2022-02-11,Massively Multiplayer,3.27,372576,10
Infernax,2022-02-14,Indie,4.02,370239,5
SpellMaster: The Saga,2022-02-16,RPG,2.57,416035,6
The King of Fighters XV,2022-02-17,Action,4.21,647549,4
Total War: WARHAMMER III,2022-02-17,Strategy,3.89,552923,16
Horizon Forbidden West,2022-02-18,Adventure,4.27,452642,0
FNaF:Freddy Pizzeria Clicker REMASTERED (LazyGuyGames),2022-02-21,Simulation,3.67,745353,0
Destiny 2: The Witch Queen,2022-02-23,Shooter,3.64,662312,0
Martha is Dead,2022-02-24,Adventure,3.67,59765,4
My Boss is a Futanari,2022-02-24,Adventure,4.45,743770,0
Who's Lila?,2022-02-24,Casual,4.1,743757,1
Atelier Sophie 2: The Alchemist of the Mysterious Dream,2022-02-25,Adventure,3.5,729286,3
Elden Ring,2022-02-25,Action,4.4,326243,60
GRID Legends,2022-02-25,Racing,3.47,638655,5
Gibbon: Beyond the Trees,2022-02-25,Casual,4.0,745759,1
Aperture Desk Job,2022-03-01,Casual,3.88,748414,1
ELEX II,2022-03-01,Action,3.38,622489,6
FAR: Changing Tides,2022-03-01,Indie,3.83,619806,4
Hero's Hour,2022-03-01,Indie,3.61,683246,2
Shadow Warrior 3,2022-03-01,Shooter,3.72,462677,6
Instruments of Destruction,2022-03-02,Action,3.67,593290,1
A Musical Story,2022-03-03,Casual,2.58,615478,2
Babylon's Fall,2022-03-03,Action,2.08,58799,4
Beholder 3,2022-03-03,Puzzle,3.06,678695,4
Gran Turismo 7,2022-03-04,Racing,4.24,452633,0
TRIANGLE STRATEGY,2022-03-04,Strategy,4.36,558972,3
American Theft 80s: Prologue,2022-03-08,Indie,2.29,752086,1
Core Keeper,2022-03-08,Adventure,4.0,616688,4
Ghostwire: Tokyo - Prelude,2022-03-08,Casual,2.27,752097,1
WWE 2K22,2022-03-08,Simulation,3.86,752182,10
Assassin's Creed Valhalla - Dawn Of Ragnarok,2022-03-10,Adventure,3.5,799247,0
Iron Lung,2022-03-10,Indie,3.97,750298,2
Workshop Simulator,2022-03-10,Indie,3.43,745841,10
Young Souls,2022-03-10,Indie,3.41,368992,5
Golden Light,2022-03-11,Indie,3.45,428072,2
One in space,2022-03-13,Shooter,4.33,752519,0
Hyperbolica,2022-03-14,Indie,3.45,732421,1
Wobbledogs,2022-03-15,Casual,4.2,548160,4
Anno: Mutationem,2022-03-16,Indie,3.56,455580,3
Tunic,2022-03-16,Indie,4.05,29236,4
Cat Museum,2022-03-17,Casual,4.14,755051,1
Shredders,2022-03-17,Action,2.79,618732,2
Stranger of Paradise: Final Fantasy Origin,2022-03-18,Adventure,3.41,619344,3
Syberia: The World Before,2022-03-18,Adventure,3.89,366843,0
Itorah,2022-03-21,Indie,2.75,372599,1
Animal Shelter,2022-03-23,Adventure,3.12,427799,2
The Planet Crafter,2022-03-23,Adventure,4.12,758571,8
A Memoir Blue,2022-03-24,Casual,3.49,678592,2
Ghostwire: Tokyo,2022-03-24,Action,3.59,326248,7
Norco,2022-03-24,Indie,4.02,573277,2
Kirby and the Forgotten Land,2022-03-25,Action,4.21,667657,0
One Night At Shrek's Hotel,2022-03-25,Adventure,4.5,761050,0
Tiny Tina's Wonderlands,2022-03-25,Shooter,3.7,614962,7
Nightmare Reaper,2022-03-28,Indie,4.2,308130,3
Ikai,2022-03-29,Adventure,3.0,745758,4
Patrick's Parabox,2022-03-29,Puzzle,4.36,727318,3
Agent Intercept,2022-03-30,Racing,3.86,375198,1
Coromon,2022-03-30,Indie,3.75,428066,3
Midnight Ghost Hunt,2022-03-31,Indie,2.22,61200,2
Stacklands,2022-03-31,Casual,3.93,763608,4
Weird West,2022-03-31,Adventure,3.8,398409,5
Knightfall: A Daring Journey,2022-04-01,Racing,1.95,761405,1
FNAF SANDBOX,2022-04-02,Simulation,4.5,762725,0
Lego Star Wars: The Skywalker Saga,2022-04-05,Platformer,3.93,326239,8
CHRONO CROSS: THE RADICAL DREAMERS EDITION,2022-04-07,Adventure,4.17,736256,2
Chinatown Detective Agency,2022-04-07,Indie,3.14,380859,2
Five Nights at Freddy's on Chromebook,2022-04-07,N/A,4.31,765264,0
Forgive Me Father,2022-04-07,Shooter,3.72,670703,2
Godfall Ultimate Edition,2022-04-07,Adventure,3.14,764954,3
THE HOUSE OF THE DEAD: Remake,2022-04-08,Arcade,2.64,586056,1
Cat Cafe Manager,2022-04-13,Strategy,3.57,761350,4
ABRISS - build to destroy,2022-04-14,Strategy,3.67,769489,1
FNF - Disruption Test,2022-04-14,N/A,4.17,769634,0
Winter Ember,2022-04-19,Strategy,1.93,516127,1
Ember Knights,2022-04-20,Adventure,3.9,772616,4
Postal 4: No Regrets,2022-04-20,Shooter,2.27,383496,1
Teardown,2022-04-21,Strategy,4.22,378579,3
Terraformers,2022-04-21,Strategy,3.38,761348,4
10 Minutes Till Dawn,2022-04-22,Indie,3.33,775904,1
Turbo Overkill,2022-04-22,Shooter,3.77,720949,2
Peglin,2022-04-25,Casual,3.62,724095,3
Dune: Spice Wars,2022-04-26,Strategy,3.52,704788,4
King Arthur: Knight's Tale,2022-04-26,Strategy,3.25,505782,4
Save Room - Organization Puzzle,2022-04-27,Casual,3.88,776391,2
The Stanley Parable: Ultra Deluxe,2022-04-27,Casual,4.38,274758,4
Unsouled,2022-04-27,Indie,2.67,383610,3
Dorfromantik,2022-04-28,Puzzle,3.85,568931,3
Ravenous Devils,2022-04-28,N/A,3.08,778221,3
Rogue Legacy 2,2022-04-28,Indie,4.01,428839,6
Trigon: Space Story,2022-04-28,Strategy,3.43,553054,1
Nintendo Switch Sports,2022-04-29,Sports,4.17,736259,0
Loot River,2022-05-03,Adventure,3.14,587621,1
Nightmare of Decay,2022-05-03,Indie,4.19,779852,3
Maeve's Academy,2022-05-04,Casual,4.21,838307,0
Wildcat Gun Machine,2022-05-04,Indie,2.33,651271,1
Citizen Sleeper,2022-05-05,Indie,4.17,620042,4
Trek to Yomi,2022-05-05,Platformer,3.44,616679,2
"Warhammer 40,000: Chaos Gate - Daemonhunters",2022-05-05,Strategy,3.9,619898,5
Crowns and Pawns: Kingdom of Deceit,2022-05-06,Indie,3.29,364880,5
Eiyuden Chronicle: Rising,2022-05-10,Adventure,3.58,650667,2
Salt and Sacrifice,2022-05-10,Platformer,3.12,614966,0
Songs of Conquest,2022-05-10,Strategy,3.95,327209,2
We Were Here Forever,2022-05-10,Casual,4.22,574766,8
Shotgun King: The Final Checkmate,2022-05-11,Strategy,3.78,783865,1
Soundfall,2022-05-11,Adventure,4.0,303579,1
Source of Madness,2022-05-11,Action,3.2,455517,2
Evil Dead: The Game,2022-05-13,Action,3.04,532167,5
Arma Reforger,2022-05-17,Shooter,3.0,787593,3
My Name is Mayo 3,2022-05-17,Adventure,3.29,787652,0
V Rising,2022-05-17,Massively Multiplayer,3.64,602224,7
Eternal Threads,2022-05-19,Adventure,3.0,777303,0
Golf Gang,2022-05-19,Casual,4.0,787607,2
Dolmen,2022-05-20,Indie,2.86,60527,4
Ni no Kuni: Cross Worlds,2022-05-23,Indie,1.73,650658,0
Soda Crisis,2022-05-23,Platformer,3.75,777292,3
Floppy Knights,2022-05-24,Strategy,3.5,428701,1
Hardspace: Shipbreaker,2022-05-24,Simulation,3.85,427653,6
Keplerth,2022-05-24,Indie,3.92,60679,4
Roller Champions,2022-05-25,Racing,3.2,327216,1
Sniper Elite 5,2022-05-25,Shooter,3.64,707256,7
Hatsune Miku: Project DIVA Mega Mix+,2022-05-26,Arcade,4.33,791789,4
My Time at Sandrock,2022-05-26,Adventure,4.33,570172,4
Kao the Kangaroo (2022),2022-05-27,Platformer,3.21,776261,0
Unexplored 2 The Wayfarer's Legacy,2022-05-27,Indie,3.17,327205,1
Silt,2022-06-01,Indie,3.71,650620,2
Card Shark,2022-06-02,Card,3.94,481904,2
Diablo: Immortal,2022-06-02,Action,2.2,261225,0
Souldiers,2022-06-02,Platformer,3.79,721077,5
20 Minutes Till Dawn,2022-06-07,Adventure,3.9,799323,3
Builder Simulator,2022-06-09,Indie,3.25,359291,2
Postal: Brain Damaged,2022-06-09,Action,3.68,489294,1
Spacelines from the Far Out,2022-06-09,Adventure,3.4,799276,2
Symphony of War: The Nephilim Saga,2022-06-09,Indie,3.0,801101,3
The Quarry,2022-06-09,Adventure,3.78,754888,5
FOBIA - St. Dinfna Hotel,2022-06-28,Indie,3.62,484814,4
Lovecraft Locker: Tentacle Lust,2022-06-28,Strategy,4.29,864212,0
Cuphead: The Delicious Last Course,2022-06-30,Platformer,4.56,254545,0
F1 22,2022-06-30,Racing,3.1,776260,7
Inside the Backrooms,2022-06-30,Indie,3.43,795440,3
Monster Hunter Rise: Sunbreak,2022-06-30,Action,4.1,669216,0
A Building Full of Cats,2022-07-06,Casual,3.75,813649,1
Gwent: Rogue Mage,2022-07-06,Card,3.14,813543,3
KLONOA Phantasy Reverie Series,2022-07-07,Casual,4.17,736276,4
Matchpoint - Tennis Championships,2022-07-07,Simulation,2.88,813655,31
MADiSON,2022-07-08,Indie,3.6,663740,5
Monument Valley 2: Panoramic Edition,2022-07-12,Casual,4.08,816420,2
Monument Valley: Panoramic Edition,2022-07-12,Casual,3.89,816363,2
Urbek City Builder,2022-07-12,Strategy,3.14,816441,3
Escape Academy,2022-07-13,Adventure,3.95,795370,4
Loopmancer,2022-07-13,Shooter,2.67,645194,4
Necrosmith,2022-07-13,Indie,3.85,807136,2
PowerWash Simulator,2022-07-14,Casual,3.96,581104,10
FPS Chess,2022-07-16,Casual,2.83,818074,0
VHS,2022-07-18,Indie,2.33,680065,2
As Dusk Falls,2022-07-19,Adventure,4.08,471031,7
Endling - Extinction is Forever,2022-07-19,Indie,3.75,686816,2
Forza Horizon 5: Hot Wheels,2022-07-19,Racing,3.88,801469,0
Stray,2022-07-19,Adventure,4.16,452638,5
Capcom Arcade 2nd Stadium,2022-07-22,Action,2.67,823690,1
Live A Live Remaster,2022-07-22,RPG,4.14,736263,0
Cartel Tycoon,2022-07-26,Strategy,3.56,457900,4
MultiVersus,2022-07-26,Action,3.24,791638,2
Bear and Breakfast,2022-07-28,Adventure,3.5,481905,3
Ghost Watchers,2022-07-28,Adventure,2.92,826746,3
Digimon Survive,2022-07-29,RPG,3.25,257205,8
Xenoblade Chronicles 3,2022-07-29,RPG,4.37,736257,0
Frogun,2022-08-01,Indie,3.17,615032,1
Police Stories: The Academy,2022-08-02,Strategy,3.14,830178,1
The Mortuary Assistant,2022-08-02,Indie,3.83,830182,5
Lost Light,2022-08-03,Massively Multiplayer,1.67,830232,1
Star Valor,2022-08-03,Indie,4.0,59960,2
Hard West 2,2022-08-04,Strategy,3.8,754881,4
"Love, Money, Rock'n'Roll",2022-08-04,Casual,2.77,9667,8
PlateUp!,2022-08-04,Casual,4.0,830255,5
Boneraiser Minions,2022-08-05,Casual,3.78,831876,3
Recipe for Disaster,2022-08-05,Strategy,2.83,688919,2
Tyrant's Blessing,2022-08-07,Strategy,3.71,611667,2
Farthest Frontier,2022-08-09,Strategy,3.68,802170,3
Lost in Play,2022-08-09,Casual,4.37,830039,3
Tower of Fantasy,2022-08-09,Massively Multiplayer,2.66,833441,1
Two Point Campus,2022-08-09,Strategy,3.75,614967,5
Heaven Burns Red,2022-08-10,Adventure,2.43,833450,1
Arcade Paradise,2022-08-11,Indie,3.5,637473,3
Cult of the Lamb,2022-08-11,Indie,4.14,650605,9
Escape the Backrooms,2022-08-11,Indie,3.0,812168,3
Ntraholic,2022-08-11,Strategy,4.0,838131,0
Fashion Police Squad,2022-08-15,Indie,4.0,836466,3
Rollerdrome,2022-08-16,Shooter,3.45,797882,1
Way of the Hunter,2022-08-16,Shooter,3.67,772682,3
Cursed to Golf,2022-08-18,Indie,2.89,782343,2
Thymesia,2022-08-18,Action,3.34,578182,3
FreshWomen - Season 1,2022-08-19,Indie,4.24,839131,3
Entropy: Zero 2,2022-08-20,Shooter,3.91,840789,7
Midnight Fight Express,2022-08-23,Indie,3.57,499258,2
Saints Row (2022),2022-08-23,Adventure,2.24,650607,0
I Was a Teenage Exocolonist,2022-08-24,Card,4.46,840855,13
Islets,2022-08-24,Adventure,4.33,833571,7
Soul Hackers 2,2022-08-26,RPG,3.6,743389,5
Immortality,2022-08-29,Adventure,4.35,802000,6
Tinykin,2022-08-29,Adventure,4.25,619533,4
Destroy All Humans! 2 - Reprobed,2022-08-30,Adventure,3.54,674190,3
F1 Manager 2022,2022-08-30,Racing,3.47,844359,10
Teenage Mutant Ninja Turtles: The Cowabunga Collection,2022-08-30,Arcade,3.75,815120,1
Gerda: A Flame in Winter,2022-09-01,Casual,3.1,844401,5
Ooblets,2022-09-01,Indie,4.0,28078,0
JoJo's Bizarre Adventure: All-Star Battle R,2022-09-02,Action,3.6,753932,3
The Last of Us Part I,2022-09-02,Shooter,4.63,799265,6
Gloomwood,2022-09-05,Indie,4.0,455513,1
Railbound,2022-09-05,Casual,3.71,846315,2
Train Sim World 3,2022-09-06,Simulation,2.92,846442,5
Trail Out,2022-09-07,Casual,3.58,846466,1
Jack Move,2022-09-08,Indie,3.14,326273,6
Roadwarden,2022-09-08,Indie,3.92,484577,1
Shatterline,2022-09-08,Massively Multiplayer,3.45,846499,2
Steelrising,2022-09-08,Adventure,3.03,462688,5
NBA 2K23,2022-09-09,Simulation,3.0,846505,8
Splatoon 3,2022-09-09,Shooter,4.45,558975,0
Isonzo,2022-09-13,Shooter,3.0,719571,3
SCP: Secret Files,2022-09-13,Indie,3.55,810294,4
The Wandering Village,2022-09-14,Strategy,3.75,616671,2
You Suck at Parking,2022-09-14,Racing,3.2,616675,2
Metal: Hellsinger,2022-09-15,Shooter,4.0,454544,2
Omega Strikers,2022-09-16,Strategy,3.36,852781,2
Trombone Champ,2022-09-16,Casual,4.17,608685,2
HYPER DEMON,2022-09-19,Shooter,4.5,854345,1
Return to Monkey Island,2022-09-19,Casual,4.04,762618,3
Rogue: Genesia,2022-09-19,Casual,3.0,854381,3
Soulstice,2022-09-19,Adventure,2.29,619867,2
There Is No Light,2022-09-19,Indie,3.33,364882,1
Electrician Simulator,2022-09-20,Adventure,3.78,316886,2
Beacon Pines,2022-09-22,Casual,3.96,799381,2
Potion Permit,2022-09-22,Casual,3.2,732437,3
Serial Cleaners,2022-09-22,Indie,2.29,455578,4
Slime Rancher 2,2022-09-22,Adventure,3.89,618709,4
SpiderHeck,2022-09-22,Indie,3.71,854488,2
Prodeus,2022-09-23,Indie,3.94,268363,2
Shovel Knight Dig,2022-09-23,Adventure,3.57,369159,2
Call of Duty: Modern Warfare II - Open Beta,2022-09-24,Action,2.84,856178,3
Brotato,2022-09-27,Casual,4.13,857690,4
Dome Keeper,2022-09-27,Indie,3.79,782340,3
FIFA 23,2022-09-27,Simulation,3.69,823549,0
Grounded,2022-09-27,Indie,3.78,391397,5
Moonscars,2022-09-27,Adventure,3.62,816326,2
The Legend of Heroes: Trails from Zero,2022-09-27,RPG,4.56,651268,18
Deathverse: Let It Die,2022-09-28,Action,2.33,692538,1
The Excavation of Hob's Barrow,2022-09-28,Adventure,3.78,857784,0
Bonelab,2022-09-29,Adventure,4.0,857623,3
Despot's Game: Dystopian Battle Simulator,2022-09-29,Strategy,3.54,678680,2
Little Witch Nobeta,2022-09-29,Indie,3.8,304289,2
Valkyrie Elysium,2022-09-29,Action,2.5,751914,9
Choice of Life: Middle Ages 2,2022-09-30,Adventure,3.67,916470,0
Marauders,2022-10-03,Shooter,4.43,861274,4
Dakar Desert Rally,2022-10-04,Racing,2.83,857633,12
Overwatch 2,2022-10-04,Shooter,3.13,388308,1
Vault of the Void,2022-10-04,Strategy,4.5,428038,3
SUPER PEOPLE,2022-10-08,Casual,2.88,708980,3
Asterigos: Curse of the Stars,2022-10-11,Adventure,3.33,804850,2
Coral Island,2022-10-11,Adventure,3.67,830059,5
Torchlight: Infinite,2022-10-11,Adventure,2.52,864991,1
Undecember,2022-10-11,Action,2.56,627521,2
LEGO Bricktales,2022-10-12,Casual,3.25,833436,1
PC Building Simulator 2,2022-10-12,Simulation,3.67,857635,0
Alina of the Arena,2022-10-13,Strategy,3.43,724033,3
Cultic,2022-10-13,Shooter,4.38,816324,3
Lost Eidolons,2022-10-13,Strategy,2.0,816325,2
SuchArt: Genius Artist Simulator,2022-10-13,Adventure,3.29,521738,1
The Case of the Golden Idol,2022-10-13,Indie,4.39,806954,5
The Last Oricru,2022-10-13,Adventure,2.22,614971,0
Gedonia,2022-10-14,RPG,3.35,349671,1
Scorn,2022-10-14,Indie,3.44,46220,4
A Plague Tale: Requiem,2022-10-17,Adventure,4.27,616697,4
Potionomics,2022-10-17,Strategy,3.71,739606,3
Marvel Snap,2022-10-18,Casual,4.05,868085,2
Batora: Lost Haven,2022-10-19,Action,2.86,548027,1
Mario + Rabbids Sparks of Hope,2022-10-20,RPG,3.73,616676,0
Second Extinction,2022-10-20,Action,2.59,440082,2
The Tenants,2022-10-20,Casual,3.69,290928,3
Vampire Survivors,2022-10-20,Casual,4.18,685577,9
"Warhammer 40,000: Shootas, Blood & Teef",2022-10-20,Adventure,4.08,616750,3
Faith: The Unholy Trinity,2022-10-21,Indie,4.38,387334,2
Gotham Knights,2022-10-21,Adventure,2.52,481908,5
New Tales from the Borderlands,2022-10-21,Adventure,2.18,836447,3
Mount & Blade II: Bannerlord,2022-10-25,Strategy,4.22,10069,18
Victoria 3,2022-10-25,Strategy,4.03,608549,7
Frog Detective 3: Corruption at Cowboy County,2022-10-26,Casual,4.22,871258,2
Call of Duty: Modern Warfare II,2022-10-27,Shooter,3.75,791636,10
Signalis,2022-10-27,Indie,4.41,424978,3
Bayonetta 3,2022-10-28,Action,4.23,50737,0
Resident Evil Re:Verse,2022-10-28,Shooter,1.62,545033,1
Resident Evil Village - Shadows of Rose,2022-10-28,Action,3.6,802434,0
Frozen Flame,2022-11-01,Indie,3.3,63222,4
The Past Within,2022-11-01,Indie,4.22,881441,2
The Entropy Centre,2022-11-02,Adventure,3.95,836798,3
Ghost Song,2022-11-03,Indie,3.2,10877,1
The Chant,2022-11-03,Adventure,3.05,614970,3
Football Manager 2023,2022-11-07,Simulation,3.53,872266,19
Soulstone Survivors,2022-11-07,Indie,3.89,861285,5
The Unliving,2022-11-07,Indie,3.83,277950,1
A Castle Full of Cats,2022-11-08,Casual,4.0,877997,2
A Little to the Left,2022-11-08,Casual,3.81,471717,3
Sonic Frontiers,2022-11-08,Platformer,3.52,704789,3
Tactics Ogre: Reborn,2022-11-11,Strategy,3.57,852720,3
McPixel 3,2022-11-14,Casual,3.45,761451,2
Pentiment,2022-11-14,Casual,4.33,801567,2
Bendy and the Dark Revival,2022-11-15,Adventure,4.27,399391,5
Somerville,2022-11-15,Adventure,3.3,332787,5
ZERO Sievert,2022-11-15,Adventure,3.33,881223,2
Call of Duty: Warzone 2.0,2022-11-16,Shooter,3.22,872778,0
Goat Simulator 3,2022-11-17,Action,3.73,799273,0
The Dark Pictures Anthology: The Devil In Me,2022-11-17,Adventure,3.12,682502,7
Evil West,2022-11-21,Adventure,3.69,530497,5
Gungrave: G.O.R.E.,2022-11-22,Strategy,2.26,419293,0
Ship of Fools,2022-11-22,Indie,3.93,861281,4
Gundam Evolution,2022-12-01,Shooter,2.55,646277,2
Marvel's Midnight Suns,2022-12-02,Strategy,3.76,650604,8
The Callisto Protocol,2022-12-02,Adventure,3.41,529698,8
Divine Knockout,2022-12-06,Action,3.5,415172,0
Hello Neighbor 2,2022-12-06,Action,2.5,471020,11
Kynseed,2022-12-06,Indie,3.26,61408,1
Lil Gator Game,2022-12-14,Casual,4.07,894438,4
River City Girls 2,2022-12-14,Adventure,4.36,833438,4
The Feast,2022-12-14,Casual,2.5,894567,2
No More Money - Season 1,2022-12-26,Indie,2.83,901611,131
